t_sec,intensity,x,y,yaw
1757398387.370,2.695598,-5.9999,0.0000,0.0000
1757398387.570,2.695599,-5.9999,0.0000,0.0000
1757398387.770,2.695599,-5.9999,0.0000,0.0000
1757398387.970,2.695598,-5.9999,0.0000,0.0000
1757398388.170,2.695596,-5.9999,0.0000,0.0000
1757398388.370,2.695597,-5.9999,0.0000,0.0000
1757398388.570,2.695599,-5.9999,0.0000,0.0000
1757398388.770,2.695599,-5.9999,0.0000,0.0000
1757398388.970,2.695598,-5.9999,0.0000,0.0000
1757398389.170,2.695596,-5.9999,0.0000,0.0000
1757398389.370,2.695596,-5.9999,0.0000,0.0000
1757398389.570,2.695599,-5.9999,0.0000,0.0000
1757398389.770,2.695598,-5.9999,0.0000,0.0000
1757398389.970,2.695596,-5.9999,0.0000,0.0000
1757398390.170,2.695597,-5.9999,0.0000,0.0000
1757398390.370,2.695597,-5.9999,0.0000,0.0000
1757398390.570,2.695597,-5.9999,0.0000,0.0000
1757398390.770,2.695595,-5.9999,0.0000,0.0000
1757398390.970,2.695599,-5.9999,0.0000,0.0000
1757398391.170,2.695597,-5.9999,0.0000,0.0000
1757398391.370,2.695596,-5.9999,0.0000,0.0000
1757398391.570,2.695594,-5.9999,0.0000,0.0000
1757398391.770,2.695597,-5.9999,0.0000,0.0000
1757398391.970,2.695597,-5.9999,0.0000,0.0000
1757398392.170,2.695597,-5.9999,0.0000,0.0000
1757398392.370,2.695596,-5.9999,0.0000,0.0000
1757398392.570,2.695595,-5.9999,0.0000,0.0000
1757398392.770,2.695595,-5.9999,0.0000,0.0000
1757398392.970,2.695598,-5.9999,0.0000,0.0000
1757398393.170,2.695594,-5.9999,0.0000,0.0000
1757398393.370,2.695597,-5.9999,0.0000,0.0000
1757398393.570,2.695596,-5.9999,0.0000,0.0000
1757398393.770,2.695597,-5.9999,0.0000,0.0000
1757398393.970,2.695596,-5.9999,0.0000,0.0000
1757398394.170,2.695594,-5.9999,0.0000,0.0000
1757398394.370,2.695595,-5.9999,0.0000,0.0000
1757398394.570,2.708254,-5.9874,0.0000,0.0000
1757398394.770,2.723098,-5.9704,0.0000,0.0000
1757398394.970,2.740321,-5.9512,0.0000,0.0000
1757398395.170,2.756788,-5.9328,0.0000,0.0000
1757398395.370,2.771540,-5.9165,0.0000,0.0000
1757398395.570,2.790436,-5.8990,0.0000,0.0000
1757398395.770,2.806497,-5.8811,0.0000,0.0000
1757398395.970,2.821018,-5.8653,0.0000,0.0000
1757398396.170,2.840200,-5.8453,0.0000,0.0000
1757398396.370,2.856447,-5.8279,0.0000,0.0000
1757398396.570,2.873960,-5.8098,0.0000,0.0000
1757398396.770,2.892519,-5.7905,0.0000,0.0000
1757398396.970,2.909351,-5.7732,0.0000,0.0000
1757398397.169,2.927728,-5.7576,0.0000,0.0000
1757398397.370,2.946057,-5.7388,0.0000,0.0000
1757398397.570,2.962735,-5.7220,0.0000,0.0000
1757398397.770,2.982060,-5.7032,0.0000,0.0000
1757398397.970,3.000653,-5.6848,0.0000,0.0000
1757398398.170,3.017235,-5.6685,0.0000,0.0000
1757398398.370,3.038499,-5.6482,0.0000,0.0000
1757398398.570,3.057349,-5.6302,0.0000,0.0000
1757398398.770,3.075879,-5.6126,0.0000,0.0000
1757398398.970,3.096753,-5.5962,0.0000,0.0000
1757398399.170,3.115517,-5.5785,0.0000,0.0000
1757398399.370,3.133776,-5.5627,0.0000,0.0000
1757398399.570,3.155336,-5.5423,0.0000,0.0000
1757398399.770,3.173867,-5.5253,0.0000,0.0000
1757398399.970,3.194119,-5.5074,0.0000,0.0000
1757398400.170,3.215681,-5.4883,0.0000,0.0000
1757398400.370,3.235010,-5.4713,0.0000,0.0000
1757398400.570,3.257269,-5.4552,0.0000,0.0000
1757398400.770,3.278769,-5.4364,0.0000,0.0000
1757398400.970,3.297998,-5.4197,0.0000,0.0000
1757398401.170,3.322359,-5.3997,0.0000,0.0000
1757398401.370,3.343766,-5.3816,0.0000,0.0000
1757398401.570,3.362846,-5.3657,0.0000,0.0000
1757398401.770,3.387341,-5.3458,0.0000,0.0000
1757398401.970,3.408658,-5.3285,0.0000,0.0000
1757398402.170,3.430205,-5.3154,0.0000,0.0000
1757398402.369,3.454715,-5.2946,0.0000,0.0000
1757398402.570,3.476843,-5.2769,0.0000,0.0000
1757398402.770,3.500835,-5.2587,0.0000,0.0000
1757398402.970,3.525411,-5.2395,0.0000,0.0000
1757398403.170,3.547443,-5.2225,0.0000,0.0000
1757398403.370,3.573479,-5.2030,0.0000,0.0000
1757398403.570,3.598017,-5.1846,0.0000,0.0000
1757398403.770,3.619961,-5.1683,0.0000,0.0000
1757398403.970,3.646274,-5.1522,0.0000,0.0000
1757398404.170,3.671248,-5.1338,0.0000,0.0000
1757398404.370,3.693526,-5.1175,0.0000,0.0000
1757398404.570,3.722361,-5.0974,0.0000,0.0000
1757398404.770,3.747630,-5.0794,0.0000,0.0000
1757398404.969,3.773272,-5.0617,0.0000,0.0000
1757398405.170,3.801448,-5.0422,0.0000,0.0000
1757398405.370,3.826816,-5.0248,0.0000,0.0000
1757398405.570,3.854868,-5.0092,0.0000,0.0000
1757398405.770,3.882863,-4.9901,0.0000,0.0000
1757398405.970,3.908084,-4.9733,0.0000,0.0000
1757398406.170,3.936068,-4.9554,0.0000,0.0001
1757398406.370,3.964408,-4.9368,0.0000,0.0001
1757398406.570,3.989947,-4.9203,0.0000,0.0001
1757398406.770,4.020977,-4.9008,0.0000,0.0001
1757398406.970,4.050275,-4.8824,0.0000,0.0001
1757398407.170,4.076493,-4.8686,0.0000,0.0001
1757398407.369,4.110057,-4.8485,0.0000,0.0001
1757398407.570,4.138964,-4.8308,0.0000,0.0001
1757398407.770,4.166700,-4.8149,0.0000,0.0001
1757398407.970,4.200159,-4.7943,0.0000,0.0001
1757398408.170,4.229400,-4.7770,0.0000,0.0001
1757398408.370,4.259277,-4.7598,0.0000,0.0001
1757398408.570,4.293079,-4.7403,0.0000,0.0001
1757398408.770,4.323213,-4.7231,0.0000,0.0001
1757398408.970,4.356565,-4.7075,0.0000,0.0001
1757398409.170,4.390088,-4.6887,0.0000,0.0001
1757398409.370,4.420496,-4.6717,0.0000,0.0001
1757398409.570,4.455295,-4.6531,0.0001,0.0001
1757398409.770,4.489257,-4.6347,0.0001,0.0001
1757398409.970,4.519612,-4.6184,0.0001,0.0001
1757398410.169,4.556720,-4.5991,0.0001,0.0001
1757398410.370,4.591568,-4.5808,0.0001,0.0001
1757398410.570,4.622521,-4.5674,0.0001,0.0001
1757398410.770,4.662618,-4.5475,0.0001,0.0001
1757398410.970,4.697927,-4.5296,0.0001,0.0001
1757398411.170,4.731539,-4.5137,0.0001,0.0001
1757398411.370,4.771720,-4.4933,0.0001,0.0001
1757398411.570,4.807153,-4.4760,0.0001,0.0001
1757398411.770,4.843304,-4.4588,0.0001,0.0001
1757398411.970,4.883915,-4.4395,0.0001,0.0001
1757398412.170,4.919691,-4.4253,0.0001,0.0001
1757398412.370,4.959136,-4.4074,0.0001,0.0001
1757398412.570,5.000063,-4.3886,0.0001,0.0001
1757398412.770,5.036865,-4.3716,0.0001,0.0001
1757398412.970,5.079103,-4.3530,0.0001,0.0001
1757398413.170,5.120487,-4.3346,0.0001,0.0001
1757398413.370,5.157503,-4.3183,0.0001,0.0001
1757398413.570,5.202625,-4.2990,0.0001,0.0001
1757398413.770,5.245373,-4.2807,0.0001,0.0001
1757398413.970,5.286594,-4.2673,0.0001,0.0001
1757398414.170,5.334232,-4.2467,0.0001,0.0001
1757398414.370,5.377551,-4.2287,0.0001,0.0001
1757398414.570,5.418590,-4.2127,0.0001,0.0001
1757398414.770,5.467464,-4.1925,0.0001,0.0001
1757398414.970,5.509988,-4.1755,0.0001,0.0001
1757398415.170,5.554301,-4.1583,0.0001,0.0001
1757398415.370,5.604171,-4.1390,0.0001,0.0001
1757398415.570,5.647483,-4.1250,0.0001,0.0001
1757398415.769,5.698613,-4.1063,0.0001,0.0001
1757398415.970,5.749245,-4.0873,0.0001,0.0001
1757398416.170,5.794396,-4.0705,0.0001,0.0001
1757398416.370,5.848507,-4.0511,0.0001,0.0001
1757398416.570,5.898580,-4.0331,0.0001,0.0001
1757398416.770,5.943851,-4.0170,0.0001,0.0001
1757398416.970,6.001724,-3.9969,0.0001,0.0001
1757398417.170,6.053611,-3.9790,0.0001,0.0001
1757398417.370,6.103994,-3.9660,0.0001,0.0001
1757398417.570,6.162828,-3.9452,0.0001,0.0001
1757398417.770,6.215584,-3.9275,0.0001,0.0001
1757398417.970,6.272657,-3.9092,0.0001,0.0001
1757398418.170,6.331636,-3.8901,0.0001,0.0001
1757398418.370,6.384694,-3.8731,0.0001,0.0001
1757398418.569,6.442684,-3.8550,0.0001,0.0001
1757398418.770,6.502709,-3.8364,0.0001,0.0001
1757398418.970,6.555756,-3.8226,0.0001,0.0001
1757398419.170,6.619529,-3.8040,0.0001,0.0001
1757398419.370,6.681911,-3.7852,0.0001,0.0001
1757398419.570,6.737935,-3.7686,0.0001,0.0001
1757398419.770,6.808606,-3.7485,0.0001,0.0001
1757398419.970,6.871497,-3.7305,0.0001,0.0001
1757398420.170,6.934946,-3.7128,0.0001,0.0001
1757398420.370,7.005154,-3.6932,0.0001,0.0001
1757398420.570,7.068639,-3.6786,0.0001,0.0001
1757398420.770,7.130812,-3.6630,0.0001,0.0001
1757398420.970,7.204345,-3.6426,0.0001,0.0001
1757398421.170,7.268204,-3.6256,0.0001,0.0001
1757398421.370,7.339174,-3.6075,0.0001,0.0001
1757398421.570,7.413875,-3.5884,0.0001,0.0001
1757398421.770,7.481163,-3.5714,0.0001,0.0001
1757398421.970,7.560448,-3.5519,0.0001,0.0001
1757398422.170,7.636060,-3.5363,0.0001,0.0001
1757398422.370,7.703989,-3.5197,0.0001,0.0001
1757398422.570,7.791386,-3.4996,0.0001,0.0001
1757398422.770,7.867836,-3.4815,0.0001,0.0001
1757398422.970,7.936252,-3.4656,0.0001,0.0001
1757398423.170,8.025358,-3.4458,0.0001,0.0001
1757398423.370,8.102630,-3.4284,0.0001,0.0001
1757398423.569,8.183158,-3.4109,0.0001,0.0001
1757398423.770,8.273149,-3.3914,0.0001,0.0001
1757398423.970,8.354635,-3.3767,0.0001,0.0001
1757398424.169,8.444566,-3.3584,0.0001,0.0001
1757398424.369,8.535628,-3.3393,0.0001,0.0001
1757398424.570,8.618145,-3.3223,0.0001,0.0001
1757398424.770,8.717051,-3.3028,0.0001,0.0001
1757398424.970,8.810016,-3.2843,0.0001,0.0001
1757398425.170,8.893548,-3.2681,0.0001,0.0001
1757398425.370,8.995367,-3.2487,0.0001,0.0001
1757398425.570,9.090583,-3.2337,0.0001,0.0001
1757398425.770,9.176844,-3.2174,0.0001,0.0001
1757398425.970,9.290314,-3.1974,0.0001,0.0001
1757398426.170,9.389859,-3.1793,0.0002,0.0001
1757398426.370,9.491878,-3.1616,0.0002,-0.0008
1757398426.570,9.602843,-3.1422,-0.0000,-0.0132
1757398426.769,9.704241,-3.1249,-0.0004,-0.0282
1757398426.970,9.807330,-3.1077,-0.0010,-0.0384
1757398427.170,9.923899,-3.0884,-0.0018,-0.0440
1757398427.370,10.026737,-3.0744,-0.0025,-0.0546
1757398427.570,10.146055,-3.0559,-0.0034,-0.0320
1757398427.770,10.266045,-3.0368,-0.0037,0.0011
1757398427.970,10.377195,-3.0194,-0.0035,0.0157
1757398428.170,10.507634,-3.0000,-0.0031,0.0246
1757398428.370,10.628170,-2.9819,-0.0027,0.0237
1757398428.570,10.738846,-2.9656,-0.0023,0.0239
1757398428.770,10.879340,-2.9455,-0.0018,0.0256
1757398428.970,11.002080,-2.9308,-0.0014,0.0261
1757398429.170,11.124944,-2.9151,-0.0010,0.0260
1757398429.370,11.270072,-2.8943,-0.0004,0.0267
1757398429.570,11.400464,-2.8766,0.0000,0.0266
1757398429.770,11.539455,-2.8585,0.0005,0.0267
1757398429.970,11.686556,-2.8394,0.0010,0.0267
1757398430.170,11.819534,-2.8224,0.0015,0.0267
1757398430.370,11.976616,-2.8029,0.0020,0.0267
1757398430.570,12.127242,-2.7873,0.0024,0.0267
1757398430.770,12.263011,-2.7707,0.0029,0.0267
1757398430.970,12.425436,-2.7521,0.0034,0.0267
1757398431.170,12.579327,-2.7340,0.0038,0.0267
1757398431.370,12.719025,-2.7179,0.0043,0.0267
1757398431.570,12.901548,-2.6979,0.0048,0.0267
1757398431.770,13.065442,-2.6798,0.0053,0.0267
1757398431.970,13.231109,-2.6621,0.0058,0.0267
1757398432.169,13.414962,-2.6426,0.0063,0.0267
1757398432.369,13.583052,-2.6279,0.0067,0.0267
1757398432.570,13.769674,-2.6097,0.0072,0.0267
1757398432.770,13.960924,-2.5904,0.0077,0.0232
1757398432.970,14.135161,-2.5732,0.0080,0.0211
1757398433.170,14.321628,-2.5556,0.0084,0.0215
1757398433.370,14.526613,-2.5363,0.0088,0.0206
1757398433.570,14.702993,-2.5200,0.0091,0.0158
1757398433.770,14.910561,-2.5014,0.0094,0.0160
1757398433.970,15.119792,-2.4859,0.0096,0.0159
1757398434.170,15.317375,-2.4685,0.0099,0.0099
1757398434.370,15.550295,-2.4493,0.0101,0.0106
1757398434.570,15.765664,-2.4313,0.0103,0.0104
1757398434.770,15.957472,-2.4153,0.0104,0.0104
1757398434.969,16.207798,-2.3955,0.0107,0.0105
1757398435.170,16.430782,-2.3781,0.0108,0.0105
1757398435.370,16.658475,-2.3608,0.0110,0.0079
1757398435.570,16.920279,-2.3443,0.0112,0.0085
1757398435.770,17.158696,-2.3266,0.0113,0.0087
1757398435.970,17.418532,-2.3085,0.0114,0.0061
1757398436.170,17.689580,-2.2894,0.0116,0.0068
1757398436.370,17.935558,-2.2724,0.0117,0.0067
1757398436.570,18.195807,-2.2563,0.0118,0.0052
1757398436.770,18.447460,-2.2403,0.0118,0.0048
1757398436.970,18.678886,-2.2260,0.0119,0.0046
1757398437.170,18.931622,-2.2078,0.0120,0.0045
1757398437.370,19.211344,-2.1917,0.0121,0.0046
1757398437.570,19.453713,-2.1772,0.0121,0.0046
1757398437.770,19.693680,-2.1627,0.0122,-0.0005
1757398437.970,19.978534,-2.1462,0.0122,0.0009
1757398438.170,20.222656,-2.1342,0.0122,0.0009
1757398438.370,20.464712,-2.1206,0.0122,0.0009
1757398438.569,20.746064,-2.1045,0.0122,0.0008
1757398438.770,21.021162,-2.0918,0.0122,0.0008
1757398438.970,21.284001,-2.0773,0.0123,0.0009
1757398439.170,21.531468,-2.0644,0.0123,0.0009
1757398439.370,21.869415,-2.0471,0.0123,0.0008
1757398439.570,22.163001,-2.0320,0.0123,0.0008
1757398439.770,22.436839,-2.0209,0.0123,0.0008
1757398439.970,22.764852,-2.0057,0.0123,0.0008
1757398440.170,23.105593,-1.9898,0.0123,0.0009
1757398440.370,23.407061,-1.9757,0.0123,0.0008
1757398440.570,23.690216,-1.9628,0.0124,0.0008
1757398440.770,24.058343,-1.9456,0.0124,0.0008
1757398440.970,24.412319,-1.9308,0.0124,0.0009
1757398441.169,24.725084,-1.9200,0.0124,0.0009
1757398441.370,25.153771,-1.9032,0.0124,0.0009
1757398441.570,25.514122,-1.8875,0.0124,0.0009
1757398441.770,25.847925,-1.8735,0.0124,0.0009
1757398441.970,26.255786,-1.8581,0.0124,0.0009
1757398442.170,26.679849,-1.8422,0.0125,0.0009
1757398442.370,27.078210,-1.8277,0.0125,0.0009
1757398442.570,27.457933,-1.8173,0.0125,0.0009
1757398442.770,27.896807,-1.7998,0.0125,0.0009
1757398442.970,28.329256,-1.7844,0.0125,0.0009
1757398443.170,28.684053,-1.7733,0.0125,0.0009
1757398443.370,29.158899,-1.7579,0.0125,0.0009
1757398443.570,29.654474,-1.7420,0.0125,0.0009
1757398443.770,30.106718,-1.7275,0.0126,0.0009
1757398443.970,30.488427,-1.7160,0.0126,-0.0017
1757398444.170,31.035146,-1.6997,0.0123,-0.0313
1757398444.370,31.555298,-1.6837,0.0116,-0.0582
1757398444.570,32.063768,-1.6694,0.0106,-0.0721
1757398444.770,32.631859,-1.6541,0.0094,-0.0862
1757398444.970,33.192551,-1.6412,0.0082,-0.0885
1757398445.170,33.701305,-1.6270,0.0071,-0.0754
1757398445.370,34.229718,-1.6140,0.0062,-0.0656
1757398445.570,34.833403,-1.5972,0.0051,-0.0569
1757398445.770,35.409904,-1.5822,0.0043,-0.0480
1757398445.970,35.991546,-1.5686,0.0037,-0.0391
1757398446.170,36.667385,-1.5527,0.0032,-0.0302
1757398446.370,37.341001,-1.5372,0.0028,-0.0212
1757398446.570,37.954033,-1.5257,0.0026,-0.0141
1757398446.770,38.577055,-1.5129,0.0025,-0.0060
1757398446.970,39.346777,-1.4955,0.0024,-0.0054
1757398447.170,40.043145,-1.4822,0.0025,0.0430
1757398447.370,40.880845,-1.4653,0.0037,0.1023
1757398447.570,41.706805,-1.4492,0.0057,0.1476
1757398447.770,42.634276,-1.4324,0.0087,0.2077
1757398447.970,43.558702,-1.4164,0.0127,0.2846
1757398448.169,44.338222,-1.4032,0.0170,0.3199
1757398448.370,44.794437,-1.3936,0.0199,0.2454
1757398448.570,45.624681,-1.3777,0.0227,0.0970
1757398448.770,46.555271,-1.3621,0.0231,-0.0441
1757398448.970,47.510580,-1.3478,0.0215,-0.1744
1757398449.170,48.543539,-1.3356,0.0187,-0.2640
1757398449.370,49.569112,-1.3215,0.0142,-0.3403
1757398449.570,50.639276,-1.3070,0.0086,-0.4104
1757398449.770,51.780114,-1.2923,0.0017,-0.4717
1757398449.970,52.983821,-1.2780,-0.0062,-0.5335
1757398450.170,54.195728,-1.2634,-0.0154,-0.6107
1757398450.370,55.439164,-1.2531,-0.0234,-0.7039
1757398450.570,56.570373,-1.2424,-0.0334,-0.8152
1757398450.770,57.288431,-1.2370,-0.0395,-0.8712
1757398450.970,58.443715,-1.2276,-0.0519,-0.9645
1757398451.170,59.581270,-1.2204,-0.0632,-1.0418
1757398451.369,60.549104,-1.2133,-0.0765,-1.1205
1757398451.570,61.444276,-1.2078,-0.0891,-1.2009
1757398451.770,62.217628,-1.2021,-0.1052,-1.2640
1757398451.970,62.872930,-1.1978,-0.1203,-1.3257
1757398452.170,63.419302,-1.1952,-0.1319,-1.3738
1757398452.370,63.804653,-1.1923,-0.1476,-1.4049
1757398452.570,64.116151,-1.1901,-0.1633,-1.4465
1757398452.770,64.301025,-1.1885,-0.1774,-1.4724
1757398452.970,64.443725,-1.1873,-0.1916,-1.4997
1757398453.170,64.571977,-1.1864,-0.2083,-1.5394
1757398453.370,64.889202,-1.1864,-0.2251,-1.6181
1757398453.570,64.950346,-1.1877,-0.2396,-1.6892
1757398453.769,64.747643,-1.1901,-0.2564,-1.7390
1757398453.970,64.478862,-1.1934,-0.2724,-1.7953
1757398454.170,64.134382,-1.1970,-0.2867,-1.8406
1757398454.370,63.889274,-1.1997,-0.2959,-1.8851
1757398454.570,63.361782,-1.2040,-0.3081,-1.9246
1757398454.770,62.656080,-1.2100,-0.3237,-1.9579
1757398454.970,61.979204,-1.2165,-0.3387,-2.0035
1757398455.170,61.321177,-1.2229,-0.3518,-2.0491
1757398455.370,60.780608,-1.2296,-0.3638,-2.1160
1757398455.570,59.959590,-1.2383,-0.3772,-2.1774
1757398455.770,59.055929,-1.2474,-0.3897,-2.2292
1757398455.970,58.256262,-1.2545,-0.3985,-2.2655
1757398456.170,57.506448,-1.2628,-0.4080,-2.3105
1757398456.370,56.444717,-1.2741,-0.4198,-2.3680
1757398456.570,55.403426,-1.2860,-0.4308,-2.4058
1757398456.770,54.521483,-1.2949,-0.4386,-2.4361
1757398456.970,53.544567,-1.3062,-0.4479,-2.4686
1757398457.170,52.416417,-1.3190,-0.4577,-2.5007
1757398457.369,51.380113,-1.3319,-0.4671,-2.5270
1757398457.570,50.386124,-1.3439,-0.4753,-2.5534
1757398457.770,49.307820,-1.3587,-0.4847,-2.5983
1757398457.970,48.326481,-1.3726,-0.4929,-2.6223
1757398458.170,47.410993,-1.3854,-0.5002,-2.6347
1757398458.370,46.549706,-1.3983,-0.5072,-2.6551
1757398458.570,45.562006,-1.4132,-0.5148,-2.6780
1757398458.770,44.630956,-1.4277,-0.5219,-2.6873
1757398458.970,43.814711,-1.4383,-0.5271,-2.6949
1757398459.170,42.972160,-1.4518,-0.5334,-2.7040
1757398459.370,42.143167,-1.4667,-0.5404,-2.7160
1757398459.570,41.382218,-1.4804,-0.5463,-2.7381
1757398459.770,40.706122,-1.4929,-0.5516,-2.7464
1757398459.970,39.931734,-1.5058,-0.5569,-2.7607
1757398460.169,39.148201,-1.5211,-0.5630,-2.7607
1757398460.370,38.490654,-1.5346,-0.5684,-2.7618
1757398460.570,37.760868,-1.5496,-0.5741,-2.7907
1757398460.770,37.079284,-1.5651,-0.5797,-2.8020
1757398460.970,36.424910,-1.5771,-0.5838,-2.8080
1757398461.170,35.896210,-1.5901,-0.5884,-2.8061
1757398461.370,35.223220,-1.6056,-0.5938,-2.8062
1757398461.570,34.604622,-1.6206,-0.5989,-2.8182
1757398461.770,34.048937,-1.6340,-0.6033,-2.8271
1757398461.970,33.438166,-1.6488,-0.6081,-2.8327
1757398462.170,32.857550,-1.6616,-0.6121,-2.8315
1757398462.370,32.308080,-1.6767,-0.6171,-2.8215
1757398462.570,31.749225,-1.6915,-0.6218,-2.8515
1757398462.770,31.172834,-1.7074,-0.6264,-2.8773
1757398462.970,30.695087,-1.7221,-0.6303,-2.8866
1757398463.170,30.266769,-1.7351,-0.6336,-2.8949
1757398463.370,29.727626,-1.7487,-0.6369,-2.9044
1757398463.570,29.261131,-1.7646,-0.6408,-2.8979
1757398463.770,28.831760,-1.7788,-0.6443,-2.8982
1757398463.970,28.371632,-1.7939,-0.6481,-2.8980
1757398464.170,27.889302,-1.8099,-0.6520,-2.8980
1757398464.370,27.502768,-1.8217,-0.6550,-2.8980
1757398464.570,27.131550,-1.8356,-0.6584,-2.8968
1757398464.770,26.687078,-1.8512,-0.6623,-2.9051
1757398464.970,26.262998,-1.8664,-0.6659,-2.9139
1757398465.170,25.891956,-1.8800,-0.6689,-2.9226
1757398465.370,25.502867,-1.8951,-0.6722,-2.9286
1757398465.570,25.119954,-1.9108,-0.6757,-2.9210
1757398465.770,24.775477,-1.9223,-0.6782,-2.9292
1757398465.970,24.457743,-1.9353,-0.6810,-2.9388
1757398466.170,24.071280,-1.9525,-0.6845,-2.9345
1757398466.370,23.728249,-1.9679,-0.6878,-2.9261
1757398466.570,23.381143,-1.9833,-0.6913,-2.9046
1757398466.770,23.082927,-1.9954,-0.6946,-2.8224
1757398466.970,22.768482,-2.0089,-0.7004,-2.6540
1757398467.170,22.434171,-2.0210,-0.7081,-2.4931
1757398467.370,22.070191,-2.0308,-0.7166,-2.3648
1757398467.570,21.728529,-2.0405,-0.7275,-2.2276
1757398467.770,21.404062,-2.0495,-0.7409,-2.0954
1757398467.970,21.078616,-2.0570,-0.7557,-1.9816
1757398468.170,20.808077,-2.0624,-0.7701,-1.8798
1757398468.370,20.584553,-2.0660,-0.7836,-1.7928
1757398468.570,20.375865,-2.0688,-0.7985,-1.7236
1757398468.770,20.233955,-2.0705,-0.8110,-1.7018
1757398468.970,20.113375,-2.0722,-0.8250,-1.6911
1757398469.170,19.999811,-2.0738,-0.8381,-1.6880
1757398469.370,19.867303,-2.0756,-0.8545,-1.6790
1757398469.570,19.749385,-2.0769,-0.8664,-1.6717
1757398469.770,19.647905,-2.0782,-0.8799,-1.6627
1757398469.970,19.515922,-2.0796,-0.8959,-1.6552
1757398470.170,19.397036,-2.0807,-0.9086,-1.6484
1757398470.370,19.287150,-2.0820,-0.9259,-1.6466
1757398470.570,19.172118,-2.0829,-0.9375,-1.6460
1757398470.770,19.039380,-2.0842,-0.9571,-1.6344
1757398470.970,18.921599,-2.0851,-0.9721,-1.6274
1757398471.170,18.815957,-2.0857,-0.9826,-1.6260
1757398471.370,18.691017,-2.0866,-0.9998,-1.6171
1757398471.570,18.587087,-2.0873,-1.0152,-1.6175
1757398471.770,18.493997,-2.0879,-1.0289,-1.6177
1757398471.970,18.368414,-2.0886,-1.0449,-1.6089
1757398472.170,18.224133,-2.0891,-1.0615,-1.5769
1757398472.370,18.108941,-2.0890,-1.0763,-1.5530
1757398472.570,17.989040,-2.0885,-1.0913,-1.5259
1757398472.770,17.873574,-2.0878,-1.1046,-1.5044
1757398472.970,17.755334,-2.0863,-1.1213,-1.4605
1757398473.170,17.646378,-2.0843,-1.1367,-1.4153
1757398473.370,17.549554,-2.0820,-1.1495,-1.3814
1757398473.570,17.467211,-2.0786,-1.1661,-1.3565
1757398473.770,17.390539,-2.0752,-1.1812,-1.3326
1757398473.970,17.342016,-2.0715,-1.1964,-1.3406
1757398474.170,17.272387,-2.0677,-1.2126,-1.3350
1757398474.370,17.220775,-2.0649,-1.2242,-1.3274
1757398474.570,17.163010,-2.0622,-1.2350,-1.3201
1757398474.770,17.097516,-2.0571,-1.2545,-1.3190
1757398474.970,17.030309,-2.0530,-1.2704,-1.3121
1757398475.170,16.955024,-2.0497,-1.2826,-1.2901
1757398475.370,16.888891,-2.0452,-1.2974,-1.2652
1757398475.570,16.829877,-2.0401,-1.3134,-1.2561
1757398475.770,16.775257,-2.0352,-1.3282,-1.2464
1757398475.970,16.718275,-2.0302,-1.3427,-1.2348
1757398476.170,16.657205,-2.0256,-1.3553,-1.2136
1757398476.370,16.589067,-2.0195,-1.3710,-1.1897
1757398476.570,16.531722,-2.0133,-1.3859,-1.1629
1757398476.770,16.489167,-2.0071,-1.4002,-1.1556
1757398476.970,16.451186,-2.0001,-1.4161,-1.1536
1757398477.170,16.389997,-1.9932,-1.4312,-1.1332
1757398477.370,16.333951,-1.9858,-1.4464,-1.1015
1757398477.570,16.291499,-1.9781,-1.4611,-1.0757
1757398477.769,16.258803,-1.9704,-1.4753,-1.0692
1757398477.970,16.209581,-1.9619,-1.4901,-1.0345
1757398478.170,16.174132,-1.9543,-1.5026,-1.0071
1757398478.370,16.152613,-1.9452,-1.5167,-0.9939
1757398478.570,16.134009,-1.9360,-1.5306,-0.9847
1757398478.770,16.105418,-1.9268,-1.5443,-0.9645
1757398478.970,16.071704,-1.9171,-1.5578,-0.9316
1757398479.170,16.037677,-1.9092,-1.5681,-0.8958
1757398479.370,16.010038,-1.9000,-1.5792,-0.8512
1757398479.570,16.003299,-1.8904,-1.5898,-0.8238
1757398479.770,16.006647,-1.8788,-1.6021,-0.8081
1757398479.970,16.005896,-1.8697,-1.6115,-0.7905
1757398480.170,16.007195,-1.8578,-1.6231,-0.7610
1757398480.370,16.010266,-1.8468,-1.6333,-0.7346
1757398480.570,16.014425,-1.8368,-1.6421,-0.7081
1757398480.770,16.029232,-1.8238,-1.6530,-0.6816
1757398480.970,16.051947,-1.8109,-1.6632,-0.6603
1757398481.169,16.065694,-1.8018,-1.6701,-0.6380
1757398481.370,16.084512,-1.7883,-1.6797,-0.5985
1757398481.570,16.121459,-1.7750,-1.6886,-0.5790
1757398481.770,16.166872,-1.7613,-1.6974,-0.5687
1757398481.970,16.207417,-1.7489,-1.7052,-0.5593
1757398482.170,16.243910,-1.7344,-1.7140,-0.5325
1757398482.370,16.278564,-1.7211,-1.7216,-0.5051
1757398482.570,16.329009,-1.7079,-1.7288,-0.4934
1757398482.770,16.373350,-1.6970,-1.7346,-0.4788
1757398482.970,16.419351,-1.6825,-1.7419,-0.4532
1757398483.170,16.463050,-1.6694,-1.7481,-0.4268
1757398483.370,16.501984,-1.6577,-1.7532,-0.4000
1757398483.570,16.574229,-1.6453,-1.7584,-0.3889
1757398483.770,16.646778,-1.6303,-1.7644,-0.3793
1757398483.970,16.709631,-1.6170,-1.7696,-0.3702
1757398484.170,16.766458,-1.6037,-1.7747,-0.3471
1757398484.370,16.831351,-1.5885,-1.7799,-0.3206
1757398484.570,16.897246,-1.5744,-1.7844,-0.2989
1757398484.770,16.968725,-1.5643,-1.7875,-0.2885
1757398484.970,17.063397,-1.5478,-1.7921,-0.2721
1757398485.170,17.150026,-1.5328,-1.7963,-0.2681
1757398485.370,17.217494,-1.5195,-1.7998,-0.2514
1757398485.570,17.298126,-1.5046,-1.8035,-0.2285
1757398485.770,17.394441,-1.4921,-1.8063,-0.2139
1757398485.970,17.482782,-1.4776,-1.8094,-0.2040
1757398486.170,17.576961,-1.4611,-1.8126,-0.1903
1757398486.370,17.665119,-1.4511,-1.8145,-0.1851
1757398486.570,17.764024,-1.4358,-1.8173,-0.1764
1757398486.770,17.854021,-1.4215,-1.8198,-0.1572
1757398486.970,17.961578,-1.4067,-1.8220,-0.1407
1757398487.170,18.076968,-1.3910,-1.8243,-0.1411
1757398487.370,18.178262,-1.3766,-1.8262,-0.1301
1757398487.570,18.283963,-1.3624,-1.8280,-0.1206
1757398487.770,18.403132,-1.3493,-1.8295,-0.1130
1757398487.970,18.516235,-1.3342,-1.8312,-0.1038
1757398488.170,18.633005,-1.3169,-1.8329,-0.0958
1757398488.370,18.770488,-1.3018,-1.8345,-0.1081
1757398488.570,18.899875,-1.2863,-1.8362,-0.1121
1757398488.770,19.019992,-1.2749,-1.8376,-0.1197
1757398488.970,19.139531,-1.2607,-1.8393,-0.1253
1757398489.170,19.269895,-1.2444,-1.8414,-0.1261
1757398489.370,19.376996,-1.2296,-1.8433,-0.1226
1757398489.570,19.473565,-1.2167,-1.8450,-0.1262
1757398489.770,19.589341,-1.2041,-1.8465,-0.1230
1757398489.969,19.711059,-1.1884,-1.8485,-0.1241
1757398490.170,19.829461,-1.1744,-1.8503,-0.1312
1757398490.370,19.931652,-1.1606,-1.8521,-0.1279
1757398490.570,20.039764,-1.1474,-1.8538,-0.1267
1757398490.770,20.142233,-1.1320,-1.8558,-0.1318
1757398490.970,20.239952,-1.1210,-1.8572,-0.1308
1757398491.170,20.354330,-1.1058,-1.8592,-0.1251
1757398491.370,20.474785,-1.0901,-1.8611,-0.1235
1757398491.570,20.581515,-1.0757,-1.8629,-0.1234
1757398491.770,20.689483,-1.0629,-1.8645,-0.1235
1757398492.070,20.731044,-1.0555,-1.8654,-0.1234
1757398492.169,20.921189,-1.0319,-1.8684,-0.1234
1757398492.370,21.045542,-1.0150,-1.8705,-0.1234
1757398492.570,21.165094,-0.9981,-1.8725,-0.1234
1757398492.770,21.278834,-0.9846,-1.8742,-0.1234
1757398492.970,21.390683,-0.9678,-1.8763,-0.1234
1757398493.170,21.510011,-0.9509,-1.8784,-0.1234
1757398493.370,21.624880,-0.9374,-1.8801,-0.1234
1757398493.570,21.738235,-0.9205,-1.8822,-0.1234
1757398493.770,21.854352,-0.9036,-1.8843,-0.1234
1757398493.970,21.967742,-0.8868,-1.8864,-0.1234
1757398494.170,22.079109,-0.8699,-1.8885,-0.1234
1757398494.370,22.190890,-0.8530,-1.8906,-0.1234
1757398494.570,22.304717,-0.8362,-1.8926,-0.1234
1757398494.770,22.413574,-0.8227,-1.8943,-0.1234
1757398494.969,22.516440,-0.8058,-1.8964,-0.1234
1757398495.170,22.622307,-0.7889,-1.8985,-0.1234
1757398495.370,22.717763,-0.7721,-1.9006,-0.1234
1757398495.570,22.806067,-0.7586,-1.9023,-0.1234
1757398495.770,22.904993,-0.7417,-1.9044,-0.1234
1757398495.970,23.003786,-0.7248,-1.9065,-0.1234
1757398496.170,23.098684,-0.7113,-1.9081,-0.1234
1757398496.370,23.187079,-0.6945,-1.9102,-0.1234
1757398496.570,23.256698,-0.6818,-1.9117,-0.1160
1757398496.770,23.329323,-0.6680,-1.9134,-0.1183
1757398496.970,23.409204,-0.6532,-1.9151,-0.1174
1757398497.170,23.492353,-0.6372,-1.9170,-0.1173
1757398497.370,23.564752,-0.6228,-1.9187,-0.1174
1757398497.570,23.593659,-0.6081,-1.9204,-0.0906
1757398497.770,23.615730,-0.5955,-1.9212,-0.0432
1757398497.970,23.659055,-0.5804,-1.9216,-0.0008
1757398498.170,23.704256,-0.5663,-1.9213,0.0436
1757398498.370,23.786192,-0.5514,-1.9203,0.0826
1757398498.570,23.896763,-0.5382,-1.9191,0.1009
1757398498.770,24.048267,-0.5237,-1.9178,0.0735
1757398498.970,24.173740,-0.5108,-1.9170,0.0580
1757398499.170,24.283312,-0.4945,-1.9161,0.0595
1757398499.370,24.392586,-0.4793,-1.9151,0.0687
1757398499.570,24.496416,-0.4682,-1.9143,0.0703
1757398499.770,24.605760,-0.4531,-1.9132,0.0741
1757398499.970,24.729867,-0.4372,-1.9121,0.0734
1757398500.170,24.838756,-0.4227,-1.9110,0.0731
1757398500.370,24.942054,-0.4099,-1.9101,0.0732
1757398500.570,25.058679,-0.3958,-1.9090,0.0733
1757398500.770,25.165519,-0.3806,-1.9079,0.0734
1757398500.970,25.257306,-0.3670,-1.9069,0.0734
1757398501.170,25.370236,-0.3508,-1.9057,0.0734
1757398501.370,25.481137,-0.3381,-1.9048,0.0734
1757398501.570,25.572694,-0.3238,-1.9038,0.0734
1757398501.770,25.679010,-0.3090,-1.9027,0.0725
1757398501.970,25.787567,-0.2926,-1.9016,0.0627
1757398502.170,25.880850,-0.2804,-1.9008,0.0589
1757398502.370,25.955666,-0.2670,-1.9000,0.0592
1757398502.570,26.062029,-0.2506,-1.8991,0.0519
1757398502.770,26.150388,-0.2348,-1.8983,0.0497
1757398502.970,26.222478,-0.2232,-1.8977,0.0444
1757398503.170,26.298443,-0.2091,-1.8971,0.0459
1757398503.370,26.389690,-0.1926,-1.8964,0.0361
1757398503.570,26.449089,-0.1776,-1.8959,0.0358
1757398503.770,26.534442,-0.1638,-1.8954,0.0187
1757398503.970,26.627074,-0.1475,-1.8953,-0.0042
1757398504.170,26.690777,-0.1350,-1.8954,-0.0151
1757398504.370,26.743175,-0.1208,-1.8957,-0.0336
1757398504.570,26.777131,-0.1072,-1.8963,-0.0434
1757398504.770,26.805886,-0.0911,-1.8970,-0.0511
1757398504.970,26.825578,-0.0793,-1.8976,-0.0579
1757398505.170,26.844617,-0.0657,-1.8985,-0.0666
1757398505.370,26.815967,-0.0489,-1.8996,-0.0534
1757398505.570,26.797652,-0.0332,-1.9003,-0.0389
1757398505.770,26.788241,-0.0221,-1.9007,-0.0312
1757398505.970,26.776721,-0.0078,-1.9010,-0.0219
1757398506.170,26.769905,0.0086,-1.9013,-0.0127
1757398506.370,26.761604,0.0233,-1.9014,-0.0039
1757398506.570,26.751135,0.0365,-1.9014,0.0050
1757398506.770,26.750726,0.0533,-1.9013,0.0123
1757398506.970,26.785312,0.0689,-1.9012,-0.0080
1757398507.170,26.801804,0.0802,-1.9013,-0.0201
1757398507.370,26.793186,0.0945,-1.9017,-0.0247
1757398507.569,26.776835,0.1106,-1.9021,-0.0274
1757398507.770,26.765053,0.1223,-1.9025,-0.0300
1757398507.970,26.725886,0.1355,-1.9028,-0.0236
1757398508.170,26.682216,0.1527,-1.9031,-0.0137
1757398508.370,26.643720,0.1680,-1.9033,-0.0046
1757398508.570,26.608991,0.1791,-1.9033,0.0025
1757398508.770,26.570892,0.1938,-1.9032,0.0115
1757398508.970,26.576473,0.2101,-1.9031,-0.0053
1757398509.170,26.570445,0.2248,-1.9032,-0.0224
1757398509.369,26.537558,0.2386,-1.9036,-0.0313
1757398509.570,26.490254,0.2552,-1.9042,-0.0364
1757398509.770,26.442528,0.2676,-1.9046,-0.0368
1757398509.969,26.400240,0.2815,-1.9052,-0.0480
1757398510.170,26.323107,0.2964,-1.9060,-0.0536
1757398510.370,26.216797,0.3125,-1.9066,-0.0246
1757398510.570,26.139831,0.3275,-1.9068,-0.0088
1757398510.770,26.074532,0.3391,-1.9069,-0.0013
1757398510.970,25.997684,0.3559,-1.9068,0.0079
1757398511.170,25.927570,0.3709,-1.9067,0.0168
1757398511.370,25.868032,0.3843,-1.9064,0.0257
1757398511.570,25.792612,0.4013,-1.9059,0.0346
1757398511.770,25.723940,0.4168,-1.9053,0.0436
1757398511.970,25.674347,0.4308,-1.9046,0.0440
1757398512.170,25.606754,0.4470,-1.9039,0.0461
1757398512.370,25.546422,0.4629,-1.9032,0.0453
1757398512.570,25.486346,0.4771,-1.9025,0.0455
1757398512.770,25.429189,0.4874,-1.9021,0.0455
1757398512.970,25.360647,0.5051,-1.9013,0.0456
1757398513.170,25.292296,0.5200,-1.9006,0.0456
1757398513.370,25.229510,0.5336,-1.9000,0.0456
1757398513.570,25.144684,0.5504,-1.8992,0.0456
1757398513.770,25.067856,0.5629,-1.8986,0.0456
1757398513.970,24.994667,0.5772,-1.8980,0.0456
1757398514.170,24.925165,0.5900,-1.8974,0.0456
1757398514.370,24.845893,0.6074,-1.8967,0.0371
1757398514.569,24.764251,0.6222,-1.8961,0.0363
1757398514.770,24.682278,0.6355,-1.8956,0.0366
1757398514.969,24.580646,0.6525,-1.8950,0.0326
1757398515.170,24.516713,0.6683,-1.8948,0.0028
1757398515.370,24.447227,0.6825,-1.8949,-0.0242
1757398515.570,24.328729,0.6952,-1.8953,-0.0268
1757398515.770,24.201171,0.7112,-1.8957,-0.0185
1757398515.970,24.089894,0.7229,-1.8959,-0.0125
1757398516.170,23.969950,0.7361,-1.8960,-0.0135
1757398516.370,23.832236,0.7538,-1.8962,-0.0117
1757398516.570,23.723229,0.7689,-1.8964,-0.0112
1757398516.770,23.610569,0.7825,-1.8966,-0.0113
1757398516.970,23.476647,0.7987,-1.8967,-0.0111
1757398517.170,23.341905,0.8145,-1.8969,-0.0112
1757398517.370,23.225295,0.8286,-1.8971,-0.0112
1757398517.570,23.087164,0.8440,-1.8972,-0.0076
1757398517.770,22.926525,0.8606,-1.8973,0.0052
1757398517.970,22.763229,0.8767,-1.8969,0.0377
1757398518.170,22.648919,0.8909,-1.8963,0.0465
1757398518.370,22.534820,0.9042,-1.8957,0.0400
1757398518.570,22.430438,0.9198,-1.8951,0.0324
1757398518.770,22.325996,0.9334,-1.8947,0.0334
1757398518.970,22.196484,0.9496,-1.8941,0.0335
1757398519.169,22.081574,0.9656,-1.8936,0.0221
1757398519.370,21.986557,0.9801,-1.8935,-0.0057
1757398519.570,21.862742,0.9925,-1.8937,-0.0192
1757398519.770,21.718638,1.0094,-1.8942,-0.0337
1757398519.970,21.610520,1.0242,-1.8948,-0.0507
1757398520.170,21.496205,1.0373,-1.8956,-0.0631
1757398520.370,21.328749,1.0530,-1.8965,-0.0532
1757398520.569,21.178943,1.0655,-1.8971,-0.0467
1757398520.770,21.033369,1.0796,-1.8977,-0.0381
1757398520.970,20.887462,1.0941,-1.8982,-0.0303
1757398521.170,20.727601,1.1104,-1.8986,-0.0230
1757398521.370,20.593663,1.1248,-1.8989,-0.0138
1757398521.570,20.473369,1.1354,-1.8990,-0.0066
1757398521.770,20.315279,1.1529,-1.8991,0.0022
1757398521.970,20.180473,1.1683,-1.8990,0.0025
1757398522.170,20.060299,1.1821,-1.8990,0.0022
1757398522.370,19.917166,1.1982,-1.8990,0.0022
1757398522.569,19.776626,1.2139,-1.8989,0.0022
1757398522.770,19.651530,1.2281,-1.8989,0.0022
1757398522.970,19.519926,1.2400,-1.8989,0.0022
1757398523.170,19.380858,1.2567,-1.8988,0.0022
1757398523.370,19.253556,1.2715,-1.8988,0.0022
1757398523.570,19.137762,1.2850,-1.8988,0.0022
1757398523.770,18.989780,1.3018,-1.8987,0.0022
1757398523.970,18.856724,1.3143,-1.8987,0.0022
1757398524.170,18.735451,1.3285,-1.8987,0.0022
1757398524.370,18.606987,1.3438,-1.8986,0.0022
1757398524.570,18.477645,1.3569,-1.8986,0.0022
1757398524.770,18.347551,1.3718,-1.8986,0.0022
1757398524.970,18.230926,1.3850,-1.8985,0.0022
1757398525.170,18.093896,1.4018,-1.8985,0.0022
1757398525.370,17.961608,1.4172,-1.8985,0.0022
1757398525.570,17.842802,1.4310,-1.8984,0.0022
1757398525.770,17.699905,1.4473,-1.8984,0.0022
1757398525.970,17.565724,1.4632,-1.8984,0.0022
1757398526.170,17.447218,1.4773,-1.8983,0.0022
1757398526.370,17.323422,1.4895,-1.8983,0.0022
1757398526.570,17.191243,1.5062,-1.8984,-0.0151
1757398526.770,17.073323,1.5212,-1.8988,-0.0364
1757398526.969,16.961880,1.5347,-1.8993,-0.0456
1757398527.170,16.811736,1.5506,-1.9001,-0.0417
1757398527.370,16.677886,1.5662,-1.9007,-0.0332
1757398527.570,16.559161,1.5799,-1.9011,-0.0241
1757398527.770,16.423257,1.5953,-1.9014,-0.0168
1757398527.970,16.286933,1.6114,-1.9016,-0.0075
1757398528.170,16.163645,1.6232,-1.9016,-0.0003
1757398528.369,16.038985,1.6365,-1.9016,0.0087
1757398528.570,15.890226,1.6544,-1.9013,0.0242
1757398528.770,15.754697,1.6704,-1.9006,0.0520
1757398528.970,15.645186,1.6845,-1.8997,0.0796
1757398529.170,15.514654,1.7005,-1.8982,0.1057
1757398529.370,15.388480,1.7168,-1.8963,0.1325
1757398529.570,15.300602,1.7310,-1.8943,0.1320
1757398529.770,15.201639,1.7464,-1.8924,0.1236
1757398529.970,15.101835,1.7623,-1.8905,0.1144
1757398530.170,15.008687,1.7765,-1.8889,0.1054
1757398530.370,14.922037,1.7893,-1.8876,0.0965
1757398530.569,14.814696,1.8036,-1.8863,0.0892
1757398530.770,14.721735,1.8190,-1.8849,0.0802
1757398530.970,14.634717,1.8325,-1.8839,0.0712
1757398531.170,14.531405,1.8486,-1.8828,0.0623
1757398531.370,14.425869,1.8644,-1.8819,0.0534
1757398531.570,14.339110,1.8758,-1.8814,0.0463
1757398531.770,14.253091,1.8887,-1.8808,0.0374
1757398531.970,14.121334,1.9066,-1.8801,0.0493
1757398532.170,13.999827,1.9220,-1.8792,0.0746
1757398532.370,13.905583,1.9361,-1.8781,0.0855
1757398532.570,13.794934,1.9523,-1.8766,0.0942
1757398532.770,13.670775,1.9695,-1.8748,0.1255
1757398532.970,13.564395,1.9821,-1.8730,0.1500
1757398533.170,13.468248,1.9979,-1.8704,0.1622
1757398533.370,13.360362,2.0146,-1.8674,0.1893
1757398533.570,13.266087,2.0300,-1.8643,0.2164
1757398533.770,13.183562,2.0444,-1.8610,0.2295
1757398533.970,13.114499,2.0560,-1.8582,0.2401
1757398534.170,13.017392,2.0725,-1.8540,0.2653
1757398534.370,12.927255,2.0877,-1.8496,0.2923
1757398534.570,12.844825,2.1026,-1.8449,0.3164
1757398534.770,12.769328,2.1156,-1.8407,0.3179
1757398534.970,12.699212,2.1305,-1.8357,0.3259
1757398535.170,12.637257,2.1439,-1.8311,0.3346
1757398535.370,12.563116,2.1599,-1.8256,0.3348
1757398535.570,12.493590,2.1750,-1.8203,0.3345
1757398535.770,12.433350,2.1887,-1.8156,0.3342
1757398535.969,12.367131,2.2041,-1.8103,0.3280
1757398536.170,12.298631,2.2170,-1.8059,0.3229
1757398536.370,12.224553,2.2325,-1.8006,0.3338
1757398536.570,12.160874,2.2437,-1.7967,0.3409
1757398536.770,12.097162,2.2602,-1.7909,0.3386
1757398536.970,12.023781,2.2757,-1.7854,0.3446
1757398537.170,11.962854,2.2871,-1.7812,0.3522
1757398537.370,11.898197,2.3014,-1.7759,0.3580
1757398537.570,11.829340,2.3168,-1.7702,0.3561
1757398537.770,11.767051,2.3316,-1.7647,0.3501
1757398537.970,11.691696,2.3464,-1.7590,0.3820
1757398538.170,11.620019,2.3621,-1.7526,0.3938
1757398538.370,11.556118,2.3745,-1.7474,0.3986
1757398538.570,11.501220,2.3888,-1.7413,0.4006
1757398538.770,11.442461,2.4038,-1.7351,0.3851
1757398538.970,11.384451,2.4192,-1.7288,0.3792
1757398539.170,11.324357,2.4339,-1.7231,0.3714
1757398539.370,11.268903,2.4467,-1.7181,0.3698
1757398539.570,11.208112,2.4620,-1.7123,0.3598
1757398539.770,11.136332,2.4747,-1.7075,0.3666
1757398539.970,11.067234,2.4898,-1.7015,0.3803
1757398540.169,11.005249,2.5040,-1.6957,0.3888
1757398540.370,10.940251,2.5198,-1.6893,0.3877
1757398540.570,10.873407,2.5349,-1.6831,0.3902
1757398540.770,10.805967,2.5495,-1.6769,0.4179
1757398540.970,10.747703,2.5651,-1.6700,0.4073
1757398541.169,10.693461,2.5794,-1.6639,0.3975
1757398541.370,10.645240,2.5899,-1.6596,0.3905
1757398541.570,10.585104,2.6043,-1.6537,0.3813
1757398541.770,10.523525,2.6198,-1.6476,0.3770
1757398541.970,10.461864,2.6345,-1.6416,0.3888
1757398542.170,10.402960,2.6482,-1.6360,0.3918
1757398542.370,10.348693,2.6608,-1.6308,0.3853
1757398542.570,10.292814,2.6756,-1.6249,0.3768
1757398542.770,10.219644,2.6913,-1.6186,0.3950
1757398542.970,10.164237,2.7055,-1.6126,0.3967
1757398543.170,10.103017,2.7212,-1.6060,0.3966
1757398543.370,10.040078,2.7358,-1.5998,0.4063
1757398543.570,9.990325,2.7465,-1.5952,0.4135
1757398543.770,9.936190,2.7607,-1.5889,0.4125
1757398543.970,9.892522,2.7749,-1.5828,0.3895
1757398544.169,9.849446,2.7876,-1.5778,0.3636
1757398544.370,9.794545,2.8024,-1.5724,0.3382
1757398544.570,9.731482,2.8180,-1.5670,0.3310
1757398544.770,9.674923,2.8298,-1.5629,0.3247
1757398544.970,9.611998,2.8439,-1.5582,0.3289
1757398545.170,9.549862,2.8580,-1.5532,0.3571
1757398545.370,9.484955,2.8740,-1.5471,0.3695
1757398545.570,9.426907,2.8884,-1.5414,0.3786
1757398545.770,9.374612,2.8986,-1.5373,0.3856
1757398545.970,9.321521,2.9148,-1.5308,0.3757
1757398546.170,9.273522,2.9287,-1.5255,0.3481
1757398546.370,9.224911,2.9411,-1.5212,0.3219
1757398546.570,9.169207,2.9580,-1.5158,0.3029
1757398546.770,9.111577,2.9730,-1.5111,0.3041
1757398546.970,9.056576,2.9843,-1.5075,0.3039
1757398547.170,9.005971,2.9969,-1.5036,0.3038
1757398547.370,8.942245,3.0136,-1.4983,0.3108
1757398547.570,8.880210,3.0263,-1.4941,0.3249
1757398547.770,8.821712,3.0415,-1.4889,0.3418
1757398547.970,8.763073,3.0562,-1.4836,0.3452
1757398548.170,8.704641,3.0718,-1.4780,0.3456
1757398548.370,8.640103,3.0877,-1.4721,0.3673
1757398548.570,8.578797,3.1027,-1.4661,0.3935
1757398548.770,8.525930,3.1186,-1.4594,0.4037
1757398548.970,8.474628,3.1336,-1.4530,0.4120
1757398549.170,8.429721,3.1444,-1.4482,0.4191
1757398549.370,8.383023,3.1589,-1.4417,0.4242
1757398549.570,8.335124,3.1710,-1.4362,0.4172
1757398549.770,8.293599,3.1848,-1.4302,0.4083
1757398549.970,8.239878,3.2002,-1.4233,0.4332
1757398550.170,8.185692,3.2155,-1.4161,0.4456
1757398550.370,8.137736,3.2278,-1.4102,0.4486
1757398550.570,8.092628,3.2421,-1.4033,0.4485
1757398550.770,8.047148,3.2563,-1.3964,0.4476
1757398550.970,8.001053,3.2714,-1.3893,0.4375
1757398551.170,7.957120,3.2850,-1.3830,0.4286
1757398551.370,7.919154,3.2974,-1.3774,0.4197
1757398551.570,7.870449,3.3130,-1.3705,0.4107
1757398551.770,7.818800,3.3286,-1.3638,0.4133
1757398551.970,7.772171,3.3405,-1.3585,0.4199
1757398552.170,7.725346,3.3546,-1.3522,0.4276
1757398552.370,7.679302,3.3700,-1.3451,0.4267
1757398552.570,7.632636,3.3845,-1.3385,0.4266
1757398552.770,7.581312,3.3999,-1.3313,0.4524
1757398552.970,7.535973,3.4115,-1.3255,0.4729
1757398553.170,7.494090,3.4263,-1.3179,0.4778
1757398553.370,7.461996,3.4393,-1.3114,0.4482
1757398553.570,7.425989,3.4526,-1.3052,0.4349
1757398553.770,7.378548,3.4681,-1.2980,0.4292
1757398553.970,7.334044,3.4827,-1.2913,0.4297
1757398554.170,7.295247,3.4945,-1.2859,0.4319
1757398554.370,7.247660,3.5089,-1.2791,0.4537
1757398554.570,7.204822,3.5234,-1.2718,0.4710
1757398554.770,7.163300,3.5353,-1.2657,0.4764
1757398554.970,7.124432,3.5491,-1.2585,0.4838
1757398555.170,7.084381,3.5634,-1.2510,0.4789
1757398555.370,7.046018,3.5781,-1.2435,0.4695
1757398555.570,7.010794,3.5914,-1.2368,0.4609
1757398555.770,6.974765,3.6010,-1.2321,0.4538
1757398555.969,6.932879,3.6171,-1.2243,0.4449
1757398556.170,6.889378,3.6323,-1.2170,0.4500
1757398556.370,6.850605,3.6463,-1.2102,0.4587
1757398556.570,6.811145,3.6602,-1.2033,0.4670
1757398556.770,6.771770,3.6751,-1.1958,0.4575
1757398556.970,6.734769,3.6889,-1.1891,0.4482
1757398557.170,6.690162,3.7041,-1.1817,0.4662
1757398557.370,6.654892,3.7184,-1.1745,0.4457
1757398557.570,6.625219,3.7313,-1.1687,0.4033
1757398557.770,6.594735,3.7445,-1.1634,0.3637
1757398557.970,6.556759,3.7573,-1.1587,0.3389
1757398558.170,6.520502,3.7722,-1.1536,0.3308
1757398558.370,6.475827,3.7876,-1.1483,0.3396
1757398558.570,6.432210,3.8028,-1.1427,0.3560
1757398558.770,6.389919,3.8156,-1.1380,0.3598
1757398558.970,6.352206,3.8301,-1.1325,0.3596
1757398559.170,6.317751,3.8434,-1.1275,0.3601
1757398559.370,6.275600,3.8593,-1.1215,0.3540
1757398559.570,6.239826,3.8741,-1.1161,0.3455
1757398559.770,6.206404,3.8874,-1.1114,0.3366
1757398559.970,6.168162,3.9022,-1.1063,0.3276
1757398560.170,6.125999,3.9181,-1.1009,0.3303
1757398560.370,6.087858,3.9301,-1.0968,0.3350
1757398560.570,6.054384,3.9428,-1.0924,0.3240
1757398560.770,6.018051,3.9590,-1.0871,0.3186
1757398560.970,5.980523,3.9715,-1.0829,0.3256
1757398561.170,5.944308,3.9859,-1.0780,0.3344
1757398561.370,5.907300,4.0002,-1.0729,0.3421
1757398561.570,5.866859,4.0160,-1.0673,0.3527
1757398561.770,5.828478,4.0312,-1.0614,0.3796
1757398561.970,5.789389,4.0467,-1.0550,0.4047
1757398562.170,5.753642,4.0617,-1.0486,0.4058
1757398562.370,5.719941,4.0768,-1.0421,0.4063
1757398562.570,5.682255,4.0921,-1.0354,0.4234
1757398562.770,5.647885,4.1065,-1.0287,0.4486
1757398562.970,5.613214,4.1213,-1.0214,0.4637
1757398563.170,5.580655,4.1329,-1.0156,0.4716
1757398563.370,5.548649,4.1474,-1.0081,0.4815
1757398563.570,5.517619,4.1620,-1.0004,0.4831
1757398563.770,5.487887,4.1761,-0.9930,0.4748
1757398563.970,5.452886,4.1913,-0.9850,0.4999
1757398564.170,5.420346,4.2061,-0.9768,0.5147
1757398564.370,5.391883,4.2180,-0.9701,0.5149
1757398564.570,5.361963,4.2324,-0.9619,0.5133
1757398564.770,5.335385,4.2460,-0.9543,0.5102
1757398564.970,5.313254,4.2582,-0.9474,0.5118
1757398565.170,5.285830,4.2701,-0.9408,0.5038
1757398565.370,5.257533,4.2847,-0.9329,0.4962
1757398565.570,5.233485,4.2959,-0.9268,0.4974
1757398565.770,5.206711,4.3106,-0.9190,0.4746
1757398565.970,5.177223,4.3256,-0.9114,0.4656
1757398566.170,5.150734,4.3397,-0.9044,0.4638
1757398566.369,5.122824,4.3512,-0.8986,0.4614
1757398566.570,5.094279,4.3663,-0.8913,0.4406
1757398566.770,5.068068,4.3808,-0.8845,0.4324
1757398566.970,5.043425,4.3935,-0.8787,0.4245
1757398567.170,5.014427,4.4084,-0.8721,0.4149
1757398567.370,4.986687,4.4233,-0.8656,0.4061
1757398567.570,4.958808,4.4350,-0.8606,0.4006
1757398567.770,4.930169,4.4495,-0.8544,0.4114
1757398567.970,4.900043,4.4652,-0.8475,0.4121
1757398568.170,4.871639,4.4801,-0.8410,0.4116
1757398568.369,4.847384,4.4934,-0.8352,0.4116
1757398568.570,4.818349,4.5085,-0.8286,0.4043
1757398568.770,4.792330,4.5234,-0.8224,0.3932
1757398568.970,4.768645,4.5343,-0.8179,0.3865
1757398569.170,4.742775,4.5486,-0.8121,0.3679
1757398569.369,4.713705,4.5644,-0.8062,0.3539
1757398569.570,4.686361,4.5787,-0.8010,0.3463
1757398569.770,4.658471,4.5943,-0.7953,0.3532
1757398569.970,4.629121,4.6097,-0.7895,0.3623
1757398570.170,4.603312,4.6248,-0.7838,0.3628
1757398570.370,4.576311,4.6403,-0.7778,0.3853
1757398570.570,4.548166,4.6552,-0.7715,0.4120
1757398570.770,4.521483,4.6675,-0.7660,0.4129
1757398570.970,4.498297,4.6816,-0.7599,0.4056
1757398571.170,4.475103,4.6945,-0.7544,0.3969
1757398571.369,4.448460,4.7109,-0.7478,0.3731
1757398571.570,4.425412,4.7264,-0.7418,0.3711
1757398571.770,4.401938,4.7402,-0.7363,0.3795
1757398571.970,4.378873,4.7517,-0.7317,0.3809
1757398572.170,4.352952,4.7672,-0.7256,0.3781
1757398572.370,4.326672,4.7821,-0.7193,0.4078
1757398572.570,4.301612,4.7975,-0.7125,0.4222
1757398572.770,4.277002,4.8123,-0.7058,0.4309
1757398572.970,4.253385,4.8274,-0.6988,0.4303
1757398573.170,4.230049,4.8393,-0.6934,0.4338
1757398573.369,4.204030,4.8544,-0.6861,0.4648
1757398573.570,4.179773,4.8690,-0.6785,0.4915
1757398573.770,4.156825,4.8839,-0.6704,0.5004
1757398573.970,4.135240,4.8977,-0.6629,0.4992
1757398574.170,4.114438,4.9127,-0.6549,0.4822
1757398574.370,4.094150,4.9273,-0.6474,0.4725
1757398574.570,4.074990,4.9408,-0.6406,0.4630
1757398574.770,4.055243,4.9542,-0.6339,0.4543
1757398574.970,4.033417,4.9665,-0.6280,0.4472
1757398575.170,4.010674,4.9815,-0.6209,0.4454
1757398575.370,3.990117,4.9960,-0.6139,0.4546
1757398575.570,3.969071,5.0101,-0.6069,0.4623
1757398575.770,3.947563,5.0254,-0.5993,0.4556
1757398575.970,3.928556,5.0371,-0.5936,0.4522
1757398576.170,3.907560,5.0518,-0.5864,0.4734
1757398576.370,3.885990,5.0670,-0.5785,0.4737
1757398576.570,3.865021,5.0820,-0.5707,0.4854
1757398576.770,3.847002,5.0936,-0.5645,0.4904
1757398576.970,3.829647,5.1065,-0.5576,0.4926
1757398577.169,3.809482,5.1212,-0.5498,0.4838
1757398577.370,3.788116,5.1363,-0.5419,0.5021
1757398577.570,3.767308,5.1511,-0.5334,0.5243
1757398577.770,3.746944,5.1658,-0.5248,0.5303
1757398577.970,3.728929,5.1772,-0.5182,0.5141
1757398578.170,3.710929,5.1912,-0.5102,0.5159
1757398578.370,3.694052,5.2046,-0.5027,0.5137
1757398578.570,3.675757,5.2195,-0.4945,0.4983
1757398578.770,3.657890,5.2335,-0.4869,0.4890
1757398578.970,3.638778,5.2484,-0.4790,0.4948
1757398579.170,3.619082,5.2630,-0.4710,0.5002
1757398579.370,3.600023,5.2777,-0.4630,0.5001
1757398579.570,3.582010,5.2917,-0.4553,0.5003
1757398579.770,3.562077,5.3062,-0.4473,0.5168
1757398579.970,3.543589,5.3210,-0.4388,0.5208
1757398580.170,3.528114,5.3325,-0.4323,0.5092
1757398580.370,3.513156,5.3453,-0.4252,0.5024
1757398580.570,3.498219,5.3570,-0.4188,0.4933
1757398580.770,3.480614,5.3722,-0.4107,0.4840
1757398580.970,3.462479,5.3867,-0.4031,0.4836
1757398581.170,3.447233,5.3999,-0.3962,0.4845
1757398581.370,3.430421,5.4137,-0.3890,0.4769
1757398581.570,3.412554,5.4256,-0.3829,0.4825
1757398581.770,3.394961,5.4404,-0.3750,0.4940
1757398581.970,3.378801,5.4541,-0.3675,0.5018
1757398582.170,3.360596,5.4690,-0.3593,0.5027
1757398582.370,3.344591,5.4833,-0.3516,0.4932
1757398582.570,3.329929,5.4961,-0.3447,0.4841
1757398582.770,3.312286,5.5109,-0.3367,0.5091
1757398582.970,3.295741,5.5255,-0.3284,0.5233
1757398583.170,3.279901,5.5370,-0.3218,0.5235
1757398583.370,3.264120,5.5502,-0.3142,0.5236
1757398583.570,3.246946,5.5650,-0.3054,0.5506
1757398583.770,3.230008,5.5788,-0.2966,0.5790
1757398583.970,3.214036,5.5929,-0.2871,0.6034
1757398584.170,3.200457,5.6062,-0.2780,0.6006
1757398584.370,3.185836,5.6192,-0.2691,0.5996
1757398584.570,3.172190,5.6324,-0.2602,0.5900
1757398584.769,3.156575,5.6464,-0.2506,0.6070
1757398584.970,3.142207,5.6575,-0.2428,0.6125
1757398585.170,3.128608,5.6708,-0.2334,0.6207
1757398585.370,3.114890,5.6843,-0.2239,0.6102
1757398585.570,3.101912,5.6974,-0.2148,0.6011
1757398585.770,3.090503,5.7091,-0.2068,0.5923
1757398585.970,3.080299,5.7177,-0.2011,0.5852
1757398586.170,3.068684,5.7290,-0.1937,0.5777
1757398586.370,3.053513,5.7428,-0.1845,0.5990
1757398586.570,3.041470,5.7558,-0.1757,0.5956
1757398586.770,3.029854,5.7653,-0.1692,0.5954
1757398586.970,3.019368,5.7761,-0.1619,0.5953
1757398587.170,3.010698,5.7856,-0.1555,0.5954
1757398587.370,2.997270,5.7985,-0.1467,0.6020
1757398587.570,2.987965,5.8077,-0.1404,0.6044
1757398587.770,2.989894,5.8082,-0.1401,0.5428
1757398587.970,2.991637,5.8082,-0.1400,0.4942
1757398588.170,2.992879,5.8083,-0.1400,0.4511
1757398588.370,2.994074,5.8084,-0.1399,0.4067
1757398588.570,2.995105,5.8084,-0.1399,0.3620
1757398588.770,2.995921,5.8085,-0.1399,0.3242
1757398588.970,2.996419,5.8085,-0.1399,0.3029
1757398589.170,2.996895,5.8086,-0.1398,0.2763
1757398589.370,2.997342,5.8086,-0.1398,0.2494
1757398589.570,2.997458,5.8086,-0.1398,0.2399
1757398589.769,2.997478,5.8086,-0.1398,0.2383
1757398589.970,2.997480,5.8086,-0.1398,0.2384
1757398590.170,2.997477,5.8086,-0.1398,0.2384
1757398590.370,2.997478,5.8086,-0.1398,0.2384
1757398590.569,2.997478,5.8086,-0.1398,0.2384
1757398590.770,2.997476,5.8086,-0.1398,0.2384
1757398590.970,2.997478,5.8086,-0.1398,0.2384
1757398591.170,2.997476,5.8086,-0.1398,0.2384
1757398591.370,2.997478,5.8086,-0.1398,0.2384
1757398591.570,2.997476,5.8086,-0.1398,0.2384
1757398591.770,2.997478,5.8086,-0.1398,0.2384
1757398591.970,2.997477,5.8086,-0.1398,0.2384
1757398592.170,2.997478,5.8086,-0.1398,0.2384
