t_sec,intensity,x,y,yaw
1757318853.127,16.368504,-5.9999,0.0000,0.0000
1757318853.327,16.368510,-5.9999,0.0000,0.0000
1757318853.527,16.368512,-5.9999,0.0000,0.0000
1757318853.727,16.368513,-5.9999,0.0000,0.0000
1757318853.927,16.368505,-5.9999,0.0000,0.0000
1757318854.127,16.368509,-5.9999,0.0000,0.0000
1757318854.327,16.368501,-5.9999,0.0000,0.0000
1757318854.527,16.368508,-5.9999,0.0000,0.0000
1757318854.727,16.368509,-5.9999,0.0000,0.0000
1757318854.927,16.368512,-5.9999,0.0000,0.0000
1757318855.127,16.368507,-5.9999,0.0000,0.0000
1757318855.327,16.368507,-5.9999,0.0000,0.0000
1757318855.527,16.368502,-5.9999,0.0000,0.0000
1757318855.727,16.368511,-5.9999,0.0000,0.0000
1757318855.927,16.368507,-5.9999,0.0000,0.0000
1757318856.127,16.368510,-5.9999,0.0000,0.0000
1757318856.327,16.368499,-5.9999,0.0000,0.0000
1757318856.527,16.368507,-5.9999,0.0000,0.0000
1757318856.727,16.368507,-5.9999,0.0000,0.0000
1757318856.927,16.368508,-5.9999,0.0000,0.0000
1757318857.127,16.368502,-5.9999,0.0000,0.0000
1757318857.327,16.368503,-5.9999,0.0000,0.0000
1757318857.527,16.368501,-5.9999,0.0000,0.0000
1757318857.727,16.368507,-5.9999,0.0000,0.0000
1757318857.927,16.368507,-5.9999,0.0000,0.0000
1757318858.127,16.368499,-5.9999,0.0000,0.0000
1757318858.327,16.368499,-5.9999,0.0000,0.0000
1757318858.527,16.373937,-5.9988,0.0000,0.0000
1757318858.727,16.421351,-5.9813,0.0000,0.0000
1757318858.927,16.465751,-5.9646,0.0000,0.0000
1757318859.127,16.520314,-5.9444,0.0000,0.0000
1757318859.327,16.568317,-5.9296,0.0000,0.0000
1757318859.527,16.611451,-5.9134,0.0000,0.0000
1757318859.727,16.667999,-5.8934,0.0000,0.0000
1757318859.927,16.716478,-5.8755,0.0000,0.0000
1757318860.127,16.765529,-5.8582,0.0000,0.0000
1757318860.327,16.819731,-5.8386,0.0000,0.0000
1757318860.527,16.868241,-5.8213,0.0000,0.0000
1757318860.727,16.922109,-5.8023,0.0000,0.0000
1757318860.927,16.975587,-5.7866,0.0000,0.0000
1757318861.127,17.023292,-5.7696,0.0000,0.0000
1757318861.327,17.080763,-5.7501,0.0000,0.0000
1757318861.527,17.133492,-5.7316,0.0000,0.0000
1757318861.727,17.180413,-5.7153,0.0000,0.0000
1757318861.927,17.238079,-5.6960,0.0000,0.0000
1757318862.127,17.290748,-5.6780,0.0000,0.0000
1757318862.327,17.337116,-5.6624,0.0000,0.0000
1757318862.527,17.399137,-5.6448,0.0000,0.0000
1757318862.727,17.452412,-5.6268,0.0000,0.0000
1757318862.927,17.507202,-5.6091,0.0000,0.0000
1757318863.127,17.565920,-5.5895,0.0000,0.0000
1757318863.327,17.618448,-5.5722,0.0000,0.0000
1757318863.527,17.677426,-5.5532,0.0000,0.0000
1757318863.727,17.735464,-5.5344,0.0000,0.0000
1757318863.927,17.787254,-5.5178,0.0000,0.0000
1757318864.127,17.845867,-5.4992,0.0000,0.0000
1757318864.327,17.904300,-5.4836,0.0000,0.0000
1757318864.527,17.955126,-5.4673,0.0000,0.0000
1757318864.727,18.018788,-5.4480,0.0000,0.0000
1757318864.927,18.077488,-5.4296,0.0000,0.0000
1757318865.127,18.132146,-5.4133,0.0000,0.0000
1757318865.327,18.198453,-5.3925,0.0000,0.0000
1757318865.527,18.256402,-5.3748,0.0000,0.0000
1757318865.727,18.314061,-5.3575,0.0000,0.0000
1757318865.927,18.378723,-5.3410,0.0000,0.0000
1757318866.127,18.436062,-5.3236,0.0000,0.0000
1757318866.327,18.495759,-5.3065,0.0000,0.0000
1757318866.527,18.560658,-5.2869,0.0000,0.0000
1757318866.727,18.617148,-5.2703,0.0000,0.0000
1757318866.927,18.683209,-5.2513,0.0000,0.0000
1757318867.127,18.748036,-5.2325,0.0000,0.0000
1757318867.327,18.805908,-5.2159,0.0000,0.0000
1757318867.527,18.876524,-5.1991,0.0000,0.0000
1757318867.727,18.939841,-5.1808,0.0000,0.0000
1757318867.927,18.996777,-5.1645,0.0000,0.0000
1757318868.127,19.071186,-5.1443,0.0000,0.0000
1757318868.327,19.134618,-5.1264,0.0000,0.0000
1757318868.527,19.198728,-5.1091,0.0000,0.0000
1757318868.727,19.271069,-5.0892,0.0000,0.0000
1757318868.927,19.334673,-5.0719,0.0000,0.0000
1757318869.127,19.405262,-5.0529,0.0000,0.0000
1757318869.327,19.475512,-5.0371,0.0000,0.0000
1757318869.527,19.538249,-5.0201,0.0000,0.0000
1757318869.727,19.608624,-5.0021,0.0000,0.0000
1757318869.927,19.678053,-4.9835,0.0000,0.0000
1757318870.127,19.739882,-4.9672,0.0000,0.0000
1757318870.327,19.816448,-4.9477,0.0000,0.0000
1757318870.527,19.887892,-4.9292,0.0000,0.0000
1757318870.727,19.951761,-4.9129,0.0000,0.0000
1757318870.927,20.033857,-4.8954,0.0000,0.0000
1757318871.127,20.104435,-4.8773,0.0000,0.0000
1757318871.327,20.176957,-4.8596,0.0000,0.0000
1757318871.527,20.254870,-4.8401,0.0000,0.0000
1757318871.727,20.324630,-4.8228,0.0000,0.0000
1757318871.927,20.396062,-4.8056,0.0000,0.0000
1757318872.127,20.476031,-4.7861,0.0000,0.0000
1757318872.327,20.544879,-4.7694,0.0000,0.0000
1757318872.527,20.622985,-4.7508,0.0000,0.0000
1757318872.727,20.702311,-4.7351,0.0000,0.0000
1757318872.927,20.773201,-4.7181,0.0000,0.0000
1757318873.127,20.858459,-4.6986,0.0000,0.0000
1757318873.327,20.937007,-4.6801,0.0000,0.0000
1757318873.527,21.010190,-4.6638,0.0000,0.0000
1757318873.727,21.099064,-4.6431,0.0000,0.0000
1757318873.927,21.176825,-4.6254,0.0000,0.0000
1757318874.127,21.254281,-4.6080,0.0000,0.0000
1757318874.327,21.341644,-4.5916,0.0000,0.0000
1757318874.527,21.418428,-4.5742,0.0000,0.0000
1757318874.727,21.498864,-4.5570,0.0000,0.0000
1757318874.927,21.587281,-4.5375,0.0000,0.0001
1757318875.127,21.666089,-4.5202,0.0000,0.0001
1757318875.327,21.755398,-4.5012,0.0000,0.0001
1757318875.527,21.843149,-4.4824,0.0000,0.0001
1757318875.727,21.921568,-4.4658,0.0000,0.0001
1757318875.927,22.017351,-4.4489,0.0000,0.0001
1757318876.127,22.102466,-4.4309,0.0000,0.0001
1757318876.327,22.179882,-4.4146,0.0000,0.0001
1757318876.527,22.281169,-4.3944,0.0001,0.0001
1757318876.727,22.367586,-4.3765,0.0001,0.0001
1757318876.927,22.455038,-4.3591,0.0001,0.0001
1757318877.127,22.553845,-4.3392,0.0001,0.0001
1757318877.327,22.640810,-4.3219,0.0001,0.0001
1757318877.527,22.736944,-4.3029,0.0001,0.0001
1757318877.727,22.833271,-4.2872,0.0001,0.0001
1757318877.927,22.919407,-4.2702,0.0001,0.0001
1757318878.127,23.015444,-4.2521,0.0001,0.0001
1757318878.327,23.111540,-4.2335,0.0001,0.0001
1757318878.527,23.196726,-4.2172,0.0001,0.0001
1757318878.727,23.302169,-4.1977,0.0001,0.0001
1757318878.927,23.400856,-4.1793,0.0001,0.0001
1757318879.127,23.488035,-4.1632,0.0001,0.0001
1757318879.327,23.601657,-4.1456,0.0001,0.0001
1757318879.527,23.699491,-4.1275,0.0001,0.0001
1757318879.727,23.800002,-4.1098,0.0001,0.0001
1757318879.927,23.908281,-4.0903,0.0001,0.0001
1757318880.127,24.005348,-4.0730,0.0001,0.0001
1757318880.327,24.104732,-4.0558,0.0001,0.0001
1757318880.527,24.215818,-4.0363,0.0001,0.0001
1757318880.727,24.312038,-4.0196,0.0001,0.0001
1757318880.927,24.420908,-4.0044,0.0001,0.0001
1757318881.127,24.532079,-3.9853,0.0001,0.0001
1757318881.327,24.631564,-3.9683,0.0001,0.0001
1757318881.527,24.751037,-3.9488,0.0001,0.0001
1757318881.727,24.861538,-3.9303,0.0001,0.0001
1757318881.927,24.963978,-3.9141,0.0001,0.0001
1757318882.127,25.089754,-3.8933,0.0001,0.0001
1757318882.327,25.199647,-3.8756,0.0001,0.0001
1757318882.527,25.297294,-3.8600,0.0001,0.0001
1757318882.727,25.428980,-3.8425,0.0001,0.0001
1757318882.927,25.538095,-3.8249,0.0001,0.0001
1757318883.127,25.651942,-3.8078,0.0001,0.0001
1757318883.327,25.777733,-3.7883,0.0001,0.0001
1757318883.527,25.890036,-3.7709,0.0001,0.0001
1757318883.727,26.017091,-3.7519,0.0001,0.0001
1757318883.927,26.142508,-3.7331,0.0001,0.0001
1757318884.127,26.254726,-3.7165,0.0001,0.0001
1757318884.327,26.391619,-3.6997,0.0001,0.0001
1757318884.527,26.516373,-3.6812,0.0001,0.0001
1757318884.727,26.627667,-3.6650,0.0001,0.0001
1757318884.927,26.766600,-3.6456,0.0001,0.0001
1757318885.127,26.892683,-3.6276,0.0001,0.0001
1757318885.327,27.007378,-3.6120,0.0001,0.0001
1757318885.527,27.154852,-3.5912,0.0001,0.0001
1757318885.727,27.283501,-3.5735,0.0001,0.0001
1757318885.927,27.417793,-3.5587,0.0001,0.0001
1757318886.127,27.559073,-3.5393,0.0001,0.0001
1757318886.327,27.687078,-3.5220,0.0001,0.0001
1757318886.527,27.827597,-3.5039,0.0001,0.0001
1757318886.727,27.972009,-3.4848,0.0001,0.0001
1757318886.927,28.099344,-3.4681,0.0001,0.0001
1757318887.127,28.246540,-3.4495,0.0001,0.0001
1757318887.327,28.392776,-3.4309,0.0001,0.0001
1757318887.527,28.520042,-3.4148,0.0001,0.0001
1757318887.727,28.687218,-3.3973,0.0001,0.0001
1757318887.927,28.833021,-3.3790,0.0001,0.0001
1757318888.127,28.964612,-3.3627,0.0001,0.0001
1757318888.327,29.134011,-3.3427,0.0001,0.0001
1757318888.527,29.277947,-3.3253,0.0001,0.0001
1757318888.727,29.425327,-3.3081,0.0001,0.0001
1757318888.927,29.593103,-3.2885,0.0001,0.0001
1757318889.127,29.742704,-3.2711,0.0001,0.0001
1757318889.327,29.906806,-3.2557,0.0001,0.0001
1757318889.527,30.073155,-3.2366,0.0001,0.0001
1757318889.727,30.221567,-3.2196,0.0001,0.0001
1757318889.927,30.400862,-3.2001,0.0001,0.0001
1757318890.127,30.567337,-3.1816,0.0001,0.0001
1757318890.327,30.717885,-3.1652,0.0001,0.0001
1757318890.527,30.900058,-3.1458,0.0001,0.0001
1757318890.727,31.069721,-3.1278,0.0001,0.0001
1757318890.927,31.217794,-3.1147,0.0001,0.0001
1757318891.127,31.417692,-3.0947,0.0001,0.0001
1757318891.327,31.590687,-3.0766,0.0001,0.0001
1757318891.527,31.767347,-3.0589,0.0001,0.0001
1757318891.727,31.959970,-3.0394,0.0001,0.0001
1757318891.927,32.133193,-3.0220,0.0001,0.0001
1757318892.127,32.328317,-3.0030,0.0001,0.0001
1757318892.327,32.521619,-2.9842,0.0001,0.0001
1757318892.527,32.694904,-2.9676,0.0001,0.0001
1757318892.727,32.890518,-2.9524,0.0001,0.0001
1757318892.927,33.088316,-2.9334,0.0001,0.0001
1757318893.127,33.261133,-2.9171,0.0001,0.0001
1757318893.327,33.477205,-2.8978,0.0001,0.0001
1757318893.527,33.678984,-2.8794,0.0001,0.0001
1757318893.727,33.865149,-2.8631,0.0002,0.0001
1757318893.927,34.096862,-2.8423,0.0002,0.0001
1757318894.127,34.299288,-2.8246,0.0002,0.0001
1757318894.327,34.510684,-2.8098,0.0002,0.0001
1757318894.527,34.735138,-2.7903,0.0002,0.0001
1757318894.727,34.938126,-2.7729,0.0002,0.0001
1757318894.927,35.149583,-2.7557,0.0002,0.0001
1757318895.127,35.384326,-2.7362,0.0002,0.0001
1757318895.327,35.587664,-2.7196,0.0002,0.0001
1757318895.527,35.822655,-2.7010,0.0002,0.0001
1757318895.727,36.059802,-2.6822,0.0002,0.0001
1757318895.927,36.272568,-2.6682,0.0002,0.0001
1757318896.127,36.532365,-2.6487,0.0002,0.0001
1757318896.327,36.770734,-2.6303,0.0002,0.0001
1757318896.527,36.984179,-2.6140,0.0002,0.0001
1757318896.727,37.261821,-2.5938,0.0002,0.0001
1757318896.927,37.501700,-2.5761,0.0002,0.0001
1757318897.127,37.720349,-2.5605,0.0002,0.0001
1757318897.327,38.008751,-2.5397,0.0002,0.0001
1757318897.527,38.252310,-2.5226,0.0002,0.0001
1757318897.727,38.522243,-2.5072,0.0002,0.0001
1757318897.927,38.800309,-2.4878,0.0002,0.0001
1757318898.127,39.053447,-2.4705,0.0002,0.0001
1757318898.327,39.329298,-2.4524,0.0002,0.0001
1757318898.527,39.610275,-2.4338,0.0002,0.0001
1757318898.727,39.862124,-2.4173,0.0002,0.0001
1757318898.927,40.170502,-2.3978,0.0002,0.0001
1757318899.127,40.462281,-2.3794,0.0002,0.0001
1757318899.327,40.718340,-2.3660,0.0002,0.0001
1757318899.527,41.056748,-2.3459,0.0002,0.0001
1757318899.727,41.354245,-2.3277,0.0002,0.0001
1757318899.927,41.657304,-2.3100,0.0002,0.0001
1757318900.127,41.987289,-2.2905,0.0002,0.0001
1757318900.327,42.285073,-2.2731,0.0002,0.0001
1757318900.527,42.593422,-2.2557,0.0002,0.0001
1757318900.727,42.939898,-2.2362,0.0002,0.0001
1757318900.927,43.240286,-2.2196,0.0002,0.0001
1757318901.127,43.581234,-2.2044,0.0002,0.0001
1757318901.327,43.932983,-2.1852,0.0002,0.0001
1757318901.527,44.249803,-2.1682,0.0002,0.0001
1757318901.727,44.629837,-2.1487,0.0002,0.0001
1757318901.927,44.986978,-2.1303,0.0002,0.0001
1757318902.127,45.316497,-2.1140,0.0002,0.0001
1757318902.327,45.730570,-2.0933,0.0002,0.0001
1757318902.527,46.093038,-2.0755,0.0002,0.0001
1757318902.727,46.417185,-2.0625,0.0002,0.0001
1757318902.927,46.855484,-2.0424,0.0002,0.0001
1757318903.127,47.223617,-2.0249,0.0002,0.0001
1757318903.327,47.608071,-2.0077,0.0002,0.0001
1757318903.527,48.038202,-1.9882,0.0002,0.0001
1757318903.727,48.427143,-1.9709,0.0002,0.0001
1757318903.927,48.866885,-1.9519,0.0002,0.0001
1757318904.127,49.305644,-1.9331,0.0002,0.0001
1757318904.327,49.701023,-1.9191,0.0002,0.0001
1757318904.527,50.186197,-1.8996,0.0002,0.0001
1757318904.727,50.633321,-1.8812,0.0002,0.0001
1757318904.927,51.035423,-1.8649,0.0002,0.0001
1757318905.127,51.537109,-1.8456,0.0002,0.0001
1757318905.327,52.000816,-1.8275,0.0002,0.0001
1757318905.527,52.420254,-1.8120,0.0003,0.0001
1757318905.727,52.971247,-1.7912,0.0003,0.0001
1757318905.927,53.456282,-1.7735,0.0003,0.0001
1757318906.127,53.963896,-1.7586,0.0003,0.0001
1757318906.327,54.511483,-1.7391,0.0003,0.0001
1757318906.527,55.007311,-1.7218,0.0003,0.0001
1757318906.727,55.577645,-1.7028,0.0003,0.0001
1757318906.927,56.134383,-1.6842,0.0003,0.0001
1757318907.127,56.642300,-1.6675,0.0003,0.0001
1757318907.327,57.229967,-1.6489,0.0003,0.0001
1757318907.527,57.817926,-1.6305,0.0003,0.0001
1757318907.727,58.336166,-1.6171,0.0003,0.0001
1757318907.927,59.027330,-1.5969,0.0003,0.0001
1757318908.127,59.643917,-1.5784,0.0003,0.0001
1757318908.327,60.273677,-1.5605,0.0003,0.0001
1757318908.527,60.958476,-1.5410,0.0003,0.0001
1757318908.727,61.587509,-1.5235,0.0003,0.0001
1757318908.927,62.233824,-1.5061,0.0003,0.0001
1757318909.127,62.966775,-1.4866,0.0003,0.0001
1757318909.327,63.606419,-1.4727,0.0003,0.0001
1757318909.527,64.341525,-1.4546,0.0003,0.0001
1757318909.727,65.107794,-1.4353,0.0003,0.0001
1757318909.927,65.796323,-1.4183,0.0003,0.0001
1757318910.127,66.629877,-1.3988,0.0003,0.0001
1757318910.327,67.416250,-1.3803,0.0003,0.0001
1757318910.527,68.144381,-1.3640,0.0003,0.0001
1757318910.727,69.070889,-1.3433,0.0003,0.0001
1757318910.927,69.886978,-1.3256,0.0003,0.0001
1757318911.127,70.618429,-1.3125,0.0003,0.0001
1757318911.327,71.616850,-1.2925,0.0003,0.0001
1757318911.527,72.465477,-1.2749,0.0003,0.0001
1757318911.727,73.354495,-1.2578,0.0003,0.0001
1757318911.927,74.360825,-1.2382,0.0003,0.0001
1757318912.127,75.278637,-1.2209,0.0003,0.0001
1757318912.327,76.321902,-1.2019,0.0003,0.0001
1757318912.527,77.374439,-1.1831,0.0003,0.0001
1757318912.727,78.331068,-1.1692,0.0003,0.0001
1757318912.927,79.511659,-1.1497,0.0003,0.0001
1757318913.127,80.613550,-1.1312,0.0003,0.0001
1757318913.327,81.613144,-1.1149,0.0003,0.0001
1757318913.527,82.866862,-1.0956,0.0003,0.0001
1757318913.727,84.041900,-1.0775,0.0003,0.0001
1757318913.927,85.104268,-1.0620,0.0003,0.0001
1757318914.127,86.535758,-1.0412,0.0003,0.0001
1757318914.327,87.799308,-1.0264,0.0003,0.0001
1757318914.527,89.132644,-1.0087,0.0003,0.0001
1757318914.727,90.588433,-0.9891,0.0003,0.0001
1757318914.927,91.920762,-0.9718,0.0003,0.0001
1757318915.127,93.466056,-0.9528,0.0003,0.0001
1757318915.327,94.994838,-0.9342,0.0004,0.0001
1757318915.527,96.404181,-0.9176,0.0004,0.0001
1757318915.727,98.050155,-0.8990,0.0004,0.0001
1757318915.927,99.718571,-0.8805,0.0004,0.0001
1757318916.127,99.901337,-0.8671,0.0004,0.0001
1757318916.327,99.903258,-0.8469,0.0004,0.0001
1757318916.527,99.904916,-0.8285,0.0004,0.0001
1757318916.727,99.906578,-0.8106,0.0004,0.0001
1757318916.927,99.908346,-0.7911,0.0004,0.0001
1757318917.127,99.909931,-0.7735,0.0004,0.0001
1757318917.327,99.911520,-0.7562,0.0004,0.0001
1757318917.527,99.913279,-0.7367,0.0004,0.0001
1757318917.727,99.914778,-0.7227,0.0004,0.0001
1757318917.927,99.916456,-0.7046,0.0004,0.0001
1757318918.127,99.918164,-0.6853,0.0004,0.0001
1757318918.327,99.919658,-0.6683,0.0004,0.0001
1757318918.527,99.921417,-0.6488,0.0004,0.0001
1757318918.727,99.923032,-0.6304,0.0004,0.0001
1757318918.927,99.924482,-0.6141,0.0004,0.0001
1757318919.127,99.926277,-0.5933,0.0004,0.0001
1757318919.327,99.927816,-0.5785,0.0004,0.0001
1757318919.527,99.929165,-0.5625,0.0004,0.0001
1757318919.727,99.930940,-0.5425,0.0004,0.0001
1757318919.927,99.932404,-0.5250,0.0004,0.0001
1757318920.127,99.933888,-0.5078,0.0004,0.0001
1757318920.327,99.935515,-0.4883,0.0004,0.0001
1757318920.527,99.936950,-0.4709,0.0004,0.0001
1757318920.727,99.938524,-0.4519,0.0004,0.0001
1757318920.927,99.940054,-0.4332,0.0004,0.0001
1757318921.127,99.941397,-0.4192,0.0004,0.0001
1757318921.327,99.942989,-0.3997,0.0004,0.0001
1757318921.527,99.944417,-0.3813,0.0004,0.0001
1757318921.727,99.945663,-0.3650,0.0004,0.0001
1757318921.927,99.947165,-0.3457,0.0004,0.0001
1757318922.127,99.948505,-0.3276,0.0004,0.0001
1757318922.327,99.949664,-0.3120,0.0004,0.0001
1757318922.527,99.951149,-0.2912,0.0004,0.0001
1757318922.727,99.952391,-0.2764,0.0004,0.0001
1757318922.927,99.953635,-0.2587,0.0004,0.0001
1757318923.127,99.954911,-0.2392,0.0004,0.0001
1757318923.327,99.956009,-0.2218,0.0004,0.0001
1757318923.527,99.957194,-0.2028,0.0004,0.0001
1757318923.727,99.958288,-0.1842,0.0005,0.0001
1757318923.927,99.959225,-0.1676,0.0005,0.0001
1757318924.127,99.960234,-0.1490,0.0005,0.0001
1757318924.327,99.961166,-0.1334,0.0005,0.0001
1757318924.527,99.961921,-0.1171,0.0005,0.0001
1757318924.727,99.962794,-0.0978,0.0005,0.0001
1757318924.927,99.963513,-0.0794,0.0005,0.0001
1757318925.127,99.964121,-0.0631,0.0005,0.0001
1757318925.327,99.964753,-0.0425,0.0005,0.0001
1757318925.527,99.965227,-0.0248,0.0005,0.0001
1757318925.727,99.965617,-0.0074,0.0005,0.0001
1757318925.927,99.965952,0.0121,0.0005,0.0002
1757318926.127,99.966162,0.0264,0.0005,0.0002
1757318926.327,99.966293,0.0436,0.0005,0.0001
1757318926.527,99.966332,0.0631,0.0005,0.0002
1757318926.727,99.966284,0.0801,0.0005,0.0002
1757318926.927,99.966124,0.0994,0.0005,0.0002
1757318927.127,99.965875,0.1180,0.0005,0.0002
1757318927.327,99.965572,0.1346,0.0005,0.0002
1757318927.527,99.965125,0.1540,0.0005,0.0002
1757318927.727,99.964626,0.1690,0.0005,0.0002
1757318927.927,99.964119,0.1851,0.0005,0.0002
1757318928.127,99.963397,0.2044,0.0005,0.0002
1757318928.327,99.962669,0.2227,0.0005,0.0002
1757318928.527,99.961886,0.2402,0.0005,0.0002
1757318928.727,99.960957,0.2597,0.0005,0.0002
1757318928.927,99.960065,0.2773,0.0005,0.0002
1757318929.127,99.959028,0.2962,0.0005,0.0002
1757318929.327,99.957952,0.3150,0.0005,0.0002
1757318929.527,99.956960,0.3290,0.0005,0.0002
1757318929.727,99.955811,0.3469,0.0005,0.0002
1757318929.927,99.954585,0.3660,0.0005,0.0002
1757318930.127,99.953497,0.3827,0.0005,0.0002
1757318930.327,99.952145,0.4020,0.0005,0.0002
1757318930.527,99.950854,0.4204,0.0005,0.0002
1757318930.727,99.949671,0.4367,0.0005,0.0002
1757318930.927,99.948145,0.4575,0.0005,0.0002
1757318931.127,99.946820,0.4723,0.0005,0.0002
1757318931.327,99.945433,0.4900,0.0006,0.0002
1757318931.527,99.943934,0.5095,0.0006,0.0002
1757318931.727,99.942582,0.5269,0.0006,0.0002
1757318931.927,99.941187,0.5441,0.0006,0.0002
1757318932.127,99.939620,0.5636,0.0006,0.0002
1757318932.327,99.938267,0.5802,0.0006,0.0002
1757318932.527,99.936722,0.5988,0.0006,0.0002
1757318932.727,99.935154,0.6146,0.0006,0.0002
1757318932.927,99.933753,0.6316,0.0006,0.0002
1757318933.127,99.932061,0.6511,0.0006,0.0002
1757318933.327,99.930508,0.6695,0.0006,0.0002
1757318933.527,99.929063,0.6858,0.0006,0.0002
1757318933.727,99.927307,0.7066,0.0006,0.0002
1757318933.927,99.925773,0.7243,0.0006,0.0002
1757318934.127,99.924405,0.7399,0.0006,0.0002
1757318934.327,99.922578,0.7606,0.0006,0.0002
1757318934.527,99.921073,0.7749,0.0006,0.0002
1757318934.727,99.919499,0.7921,0.0006,0.0002
1757318934.927,99.917778,0.8116,0.0006,0.0002
1757318935.127,99.916244,0.8290,0.0006,0.0002
1757318935.327,99.914516,0.8479,0.0006,0.0002
1757318935.527,99.912829,0.8667,0.0006,0.0002
1757318935.727,99.911329,0.8834,0.0006,0.0002
1757318935.927,99.909549,0.9029,0.0006,0.0002
1757318936.127,99.907903,0.9181,0.0006,0.0002
1757318936.327,99.906444,0.9344,0.0006,0.0002
1757318936.527,99.904623,0.9537,0.0006,0.0002
1757318936.727,99.902969,0.9719,0.0006,0.0002
1757318936.927,99.901344,0.9895,0.0006,0.0002
1757318937.127,99.389577,1.0092,0.0006,0.0002
1757318937.327,97.801679,1.0269,0.0006,0.0002
1757318937.527,96.278234,1.0442,0.0006,0.0002
1757318937.727,94.639466,1.0605,0.0006,0.0002
1757318937.927,93.270159,1.0775,0.0006,0.0002
1757318938.127,91.781776,1.0956,0.0006,0.0002
1757318938.327,90.300278,1.1149,0.0007,0.0002
1757318938.527,89.055467,1.1317,0.0007,0.0002
1757318938.727,87.616410,1.1511,0.0007,0.0002
1757318938.927,86.314094,1.1695,0.0007,0.0002
1757318939.127,85.182334,1.1858,0.0007,0.0002
1757318939.327,83.787415,1.2065,0.0007,0.0002
1757318939.527,82.527718,1.2227,0.0007,0.0002
1757318939.727,81.302399,1.2420,0.0007,0.0002
1757318939.927,80.112172,1.2613,0.0007,0.0002
1757318940.127,78.954626,1.2806,0.0007,0.0002
1757318940.327,77.829165,1.3000,0.0007,0.0002
1757318940.527,76.733645,1.3193,0.0007,0.0002
1757318940.727,75.667531,1.3386,0.0007,0.0002
1757318940.927,74.630043,1.3579,0.0007,0.0002
1757318941.127,73.619250,1.3740,0.0007,0.0002
1757318941.327,72.634368,1.3934,0.0007,0.0002
1757318941.527,71.681100,1.4127,0.0007,0.0002
1757318941.727,70.859989,1.4299,0.0007,0.0002
1757318941.927,69.947762,1.4488,0.0007,0.0002
1757318942.127,69.102444,1.4673,0.0007,0.0002
1757318942.327,68.354601,1.4839,0.0007,0.0002
1757318942.527,67.494221,1.5032,0.0007,0.0002
1757318942.727,66.711179,1.5186,0.0007,0.0002
1757318942.927,66.045313,1.5347,0.0007,0.0002
1757318943.127,65.221193,1.5541,0.0007,0.0002
1757318943.327,64.497958,1.5723,0.0007,0.0002
1757318943.527,63.788221,1.5900,0.0007,0.0002
1757318943.727,63.039426,1.6095,0.0007,0.0002
1757318943.927,62.373711,1.6273,0.0007,0.0002
1757318944.127,61.726484,1.6446,0.0007,0.0002
1757318944.327,61.033095,1.6638,0.0007,0.0002
1757318944.527,60.442444,1.6777,0.0008,0.0002
1757318944.727,59.799000,1.6956,0.0008,0.0002
1757318944.927,59.148208,1.7149,0.0008,0.0002
1757318945.127,58.591056,1.7319,0.0008,0.0002
1757318945.327,57.945508,1.7513,0.0008,0.0002
1757318945.527,57.361021,1.7697,0.0008,0.0002
1757318945.727,56.844477,1.7860,0.0008,0.0002
1757318945.927,56.205436,1.8067,0.0008,0.0002
1757318946.127,55.622172,1.8228,0.0008,0.0002
1757318946.327,55.049875,1.8422,0.0008,0.0002
1757318946.527,54.489446,1.8615,0.0008,0.0002
1757318946.727,53.939916,1.8808,0.0008,0.0002
1757318946.927,53.401138,1.9001,0.0008,0.0002
1757318947.127,52.872783,1.9195,0.0008,0.0002
1757318947.327,52.353886,1.9388,0.0008,0.0002
1757318947.527,51.832402,1.9587,0.0008,0.0002
1757318947.727,51.375608,1.9735,0.0008,0.0002
1757318947.927,50.914768,1.9912,0.0008,0.0002
1757318948.127,50.435317,2.0107,0.0008,0.0002
1757318948.327,50.018815,2.0281,0.0008,0.0002
1757318948.527,49.575069,2.0462,0.0008,0.0002
1757318948.727,49.126822,2.0653,0.0008,0.0002
1757318948.927,48.742489,2.0820,0.0008,0.0002
1757318949.127,48.313480,2.1006,0.0008,0.0002
1757318949.327,47.895149,2.1192,0.0008,0.0002
1757318949.527,47.542487,2.1326,0.0008,0.0002
1757318949.727,47.087929,2.1528,0.0008,0.0002
1757318949.927,46.699573,2.1713,0.0008,0.0002
1757318950.127,46.341055,2.1875,0.0008,0.0002
1757318950.327,45.927702,2.2081,0.0008,0.0002
1757318950.527,45.573418,2.2257,0.0009,0.0002
1757318950.727,45.221921,2.2430,0.0009,0.0002
1757318950.927,44.834151,2.2627,0.0009,0.0002
1757318951.127,44.507916,2.2768,0.0009,0.0002
1757318951.327,44.149951,2.2949,0.0009,0.0002
1757318951.527,43.792575,2.3142,0.0009,0.0002
1757318951.727,43.481668,2.3312,0.0009,0.0002
1757318951.927,43.119675,2.3507,0.0009,0.0002
1757318952.127,42.790698,2.3692,0.0009,0.0002
1757318952.327,42.498081,2.3855,0.0009,0.0002
1757318952.527,42.138038,2.4062,0.0009,0.0002
1757318952.727,41.833997,2.4211,0.0009,0.0002
1757318952.927,41.569458,2.4370,0.0009,0.0002
1757318953.127,41.223677,2.4570,0.0009,0.0002
1757318953.327,40.941306,2.4746,0.0009,0.0002
1757318953.527,40.650296,2.4921,0.0009,0.0002
1757318953.727,40.340237,2.5116,0.0009,0.0002
1757318953.927,40.068308,2.5290,0.0009,0.0002
1757318954.127,39.771108,2.5479,0.0009,0.0002
1757318954.327,39.483127,2.5667,0.0009,0.0002
1757318954.527,39.231387,2.5807,0.0009,0.0002
1757318954.727,38.934302,2.6002,0.0009,0.0002
1757318954.927,38.667026,2.6186,0.0009,0.0002
1757318955.127,38.433538,2.6349,0.0009,0.0002
1757318955.327,38.151157,2.6542,0.0009,0.0002
1757318955.527,37.898300,2.6723,0.0009,0.0002
1757318955.727,37.678110,2.6879,0.0009,0.0002
1757318955.927,37.393375,2.7086,0.0009,0.0002
1757318956.127,37.153029,2.7235,0.0010,0.0002
1757318956.327,36.909444,2.7412,0.0010,0.0002
1757318956.527,36.654590,2.7607,0.0010,0.0002
1757318956.727,36.431040,2.7781,0.0010,0.0002
1757318956.927,36.182419,2.7970,0.0010,0.0002
1757318957.127,35.945992,2.8158,0.0010,0.0002
1757318957.327,35.737865,2.8325,0.0010,0.0002
1757318957.527,35.505252,2.8511,0.0010,0.0002
1757318957.727,35.279112,2.8666,0.0010,0.0002
1757318957.927,35.085886,2.8829,0.0010,0.0002
1757318958.127,34.847021,2.9023,0.0010,0.0002
1757318958.327,34.632139,2.9207,0.0010,0.0002
1757318958.527,34.433699,2.9370,0.0010,0.0002
1757318958.727,34.202920,2.9576,0.0010,0.0002
1757318958.927,34.002470,2.9753,0.0010,0.0002
1757318959.127,33.805338,2.9926,0.0010,0.0002
1757318959.327,33.586671,3.0123,0.0010,0.0002
1757318959.527,33.400766,3.0266,0.0010,0.0002
1757318959.727,33.207912,3.0438,0.0010,0.0002
1757318959.927,33.000785,3.0633,0.0010,0.0002
1757318960.127,32.822788,3.0803,0.0010,0.0002
1757318960.327,32.614938,3.0998,0.0010,0.0002
1757318960.527,32.423266,3.1184,0.0010,0.0002
1757318960.727,32.253286,3.1351,0.0010,0.0002
1757318960.927,32.056162,3.1544,0.0010,0.0002
1757318961.127,31.875018,3.1696,0.0010,0.0002
1757318961.327,31.720276,3.1855,0.0010,0.0002
1757318961.527,31.515862,3.2058,0.0011,0.0002
1757318961.727,31.343167,3.2238,0.0011,0.0002
1757318961.927,31.170894,3.2415,0.0011,0.0002
1757318962.127,30.987154,3.2610,0.0011,0.0002
1757318962.327,30.825534,3.2784,0.0011,0.0002
1757318962.527,30.648555,3.2974,0.0011,0.0002
1757318962.727,30.476324,3.3162,0.0011,0.0002
1757318962.927,30.325254,3.3301,0.0011,0.0002
1757318963.127,30.145811,3.3496,0.0011,0.0002
1757318963.327,29.984534,3.3681,0.0011,0.0002
1757318963.527,29.843909,3.3843,0.0011,0.0002
1757318963.727,29.672730,3.4037,0.0011,0.0002
1757318963.927,29.518681,3.4217,0.0011,0.0002
1757318964.127,29.381678,3.4377,0.0011,0.0002
1757318964.327,29.207125,3.4584,0.0011,0.0002
1757318964.527,29.060223,3.4733,0.0011,0.0002
1757318964.727,28.910583,3.4910,0.0011,0.0002
1757318964.927,28.753101,3.5105,0.0011,0.0002
1757318965.127,28.614581,3.5279,0.0011,0.0002
1757318965.327,28.460576,3.5468,0.0011,0.0002
1757318965.527,28.312610,3.5656,0.0011,0.0002
1757318965.727,28.182669,3.5823,0.0011,0.0002
1757318965.927,28.037385,3.6009,0.0011,0.0002
1757318966.127,27.895507,3.6164,0.0011,0.0002
1757318966.327,27.773974,3.6327,0.0011,0.0002
1757318966.527,27.623641,3.6520,0.0011,0.0002
1757318966.727,27.487820,3.6705,0.0012,0.0002
1757318966.927,27.362489,3.6868,0.0012,0.0002
1757318967.127,27.215691,3.7073,0.0012,0.0002
1757318967.327,27.088030,3.7251,0.0012,0.0002
1757318967.527,26.962426,3.7424,0.0012,0.0002
1757318967.727,26.824477,3.7589,0.0012,0.0002
1757318967.927,26.704626,3.7762,0.0012,0.0002
1757318968.127,26.580867,3.7934,0.0012,0.0002
1757318968.327,26.447426,3.8129,0.0012,0.0002
1757318968.527,26.331826,3.8301,0.0012,0.0002
1757318968.727,26.198166,3.8494,0.0012,0.0002
1757318968.927,26.072578,3.8682,0.0012,0.0002
1757318969.127,25.962085,3.8849,0.0012,0.0002
1757318969.327,25.833913,3.9042,0.0012,0.0002
1757318969.527,25.717390,3.9192,0.0012,0.0002
1757318969.727,25.614911,3.9353,0.0012,0.0002
1757318969.927,25.481252,3.9555,0.0012,0.0002
1757318970.127,25.367704,3.9736,0.0012,0.0002
1757318970.327,25.255687,3.9912,0.0012,0.0002
1757318970.527,25.134404,4.0107,0.0012,0.0002
1757318970.727,25.027482,4.0280,0.0012,0.0002
1757318970.927,24.910509,4.0470,0.0012,0.0002
1757318971.127,24.796161,4.0627,0.0012,0.0002
1757318971.327,24.695609,4.0797,0.0012,0.0002
1757318971.527,24.584318,4.0978,0.0012,0.0002
1757318971.727,24.473828,4.1168,0.0013,0.0002
1757318971.927,24.379296,4.1331,0.0013,0.0002
1757318972.127,24.264668,4.1524,0.0013,0.0002
1757318972.327,24.158834,4.1708,0.0013,0.0002
1757318972.527,24.065100,4.1871,0.0013,0.0002
1757318972.727,23.947863,4.2046,0.0013,0.0002
1757318972.927,23.848125,4.2227,0.0013,0.0002
1757318973.127,23.747031,4.2404,0.0013,0.0002
1757318973.327,23.640319,4.2599,0.0013,0.0002
1757318973.527,23.546249,4.2773,0.0013,0.0002
1757318973.727,23.441646,4.2963,0.0013,0.0002
1757318973.927,23.340804,4.3151,0.0013,0.0002
1757318974.127,23.252107,4.3317,0.0013,0.0002
1757318974.327,23.153495,4.3503,0.0013,0.0002
1757318974.527,23.054448,4.3661,0.0013,0.0002
1757318974.727,22.969232,4.3827,0.0013,0.0002
1757318974.927,22.865998,4.4022,0.0013,0.0002
1757318975.127,22.772472,4.4206,0.0013,0.0002
1757318975.327,22.686614,4.4369,0.0013,0.0002
1757318975.527,22.583992,4.4577,0.0013,0.0002
1757318975.727,22.495661,4.4754,0.0013,0.0002
1757318975.927,22.409001,4.4927,0.0013,0.0002
1757318976.127,22.312753,4.5092,0.0013,0.0002
1757318976.327,22.229881,4.5266,0.0014,0.0002
1757318976.527,22.144045,4.5437,0.0014,0.0002
1757318976.727,22.050986,4.5633,0.0014,0.0002
1757318976.927,21.971949,4.5801,0.0014,0.0002
1757318977.127,21.878738,4.5994,0.0014,0.0002
1757318977.327,21.790743,4.6182,0.0014,0.0002
1757318977.527,21.713217,4.6348,0.0014,0.0002
1757318977.727,21.624297,4.6508,0.0014,0.0003
1757318977.927,21.541887,4.6690,0.0014,0.0002
1757318978.127,21.468860,4.6853,0.0014,0.0003
1757318978.327,21.374750,4.7055,0.0014,0.0002
1757318978.527,21.294945,4.7236,0.0014,0.0003
1757318978.727,21.216233,4.7409,0.0014,0.0002
1757318978.927,21.129082,4.7608,0.0014,0.0003
1757318979.127,21.053206,4.7782,0.0014,0.0003
1757318979.327,20.970323,4.7971,0.0014,0.0003
1757318979.527,20.888958,4.8129,0.0014,0.0003
1757318979.727,20.817283,4.8299,0.0014,0.0003
1757318979.927,20.738143,4.8480,0.0014,0.0003
1757318980.127,20.660667,4.8666,0.0014,0.0003
1757318980.327,20.592995,4.8829,0.0014,0.0003
1757318980.527,20.510365,4.9024,0.0014,0.0003
1757318980.727,20.434419,4.9208,0.0014,0.0003
1757318980.927,20.367436,4.9371,0.0015,0.0003
1757318981.127,20.282616,4.9546,0.0015,0.0003
1757318981.327,20.210810,4.9727,0.0015,0.0003
1757318981.527,20.138048,4.9904,0.0015,0.0003
1757318981.727,20.061017,5.0099,0.0015,0.0003
1757318981.927,19.993043,5.0273,0.0015,0.0003
1757318982.127,19.917452,5.0462,0.0015,0.0003
1757318982.327,19.844391,5.0650,0.0015,0.0003
1757318982.527,19.780053,5.0817,0.0015,0.0003
1757318982.727,19.708187,5.1003,0.0015,0.0003
1757318982.927,19.636214,5.1160,0.0015,0.0003
1757318983.127,19.574214,5.1327,0.0015,0.0003
1757318983.327,19.499031,5.1522,0.0015,0.0003
1757318983.527,19.430817,5.1706,0.0015,0.0003
1757318983.727,19.368137,5.1869,0.0015,0.0003
1757318983.927,19.293447,5.2076,0.0015,0.0003
1757318984.127,19.228762,5.2254,0.0015,0.0003
1757318984.327,19.165375,5.2427,0.0015,0.0003
1757318984.527,19.095029,5.2592,0.0015,0.0003
1757318984.727,19.033510,5.2765,0.0015,0.0003
1757318984.927,18.970768,5.2937,0.0015,0.0003
1757318985.127,18.902245,5.3132,0.0015,0.0003
1757318985.327,18.843949,5.3300,0.0016,0.0003
1757318985.527,18.774635,5.3496,0.0016,0.0003
1757318985.727,18.709620,5.3683,0.0016,0.0003
1757318985.927,18.652285,5.3850,0.0016,0.0003
1757318986.127,18.586554,5.4009,0.0016,0.0003
1757318986.327,18.525469,5.4192,0.0016,0.0003
1757318986.527,18.471281,5.4354,0.0016,0.0003
1757318986.727,18.401496,5.4557,0.0016,0.0003
1757318986.927,18.342133,5.4737,0.0016,0.0003
1757318987.127,18.283644,5.4911,0.0016,0.0003
1757318987.327,18.219028,5.5108,0.0016,0.0003
1757318987.527,18.162455,5.5281,0.0016,0.0003
1757318987.727,18.100939,5.5471,0.0016,0.0003
1757318987.927,18.040114,5.5629,0.0016,0.0003
1757318988.127,17.986486,5.5799,0.0016,0.0003
1757318988.327,17.927320,5.5979,0.0016,0.0003
1757318988.527,17.869224,5.6165,0.0016,0.0003
1757318988.727,17.818438,5.6328,0.0016,0.0003
1757318988.927,17.756482,5.6523,0.0016,0.0003
1757318989.127,17.699373,5.6708,0.0016,0.0003
1757318989.327,17.649059,5.6871,0.0016,0.0003
1757318989.527,17.585175,5.7046,0.0017,0.0003
1757318989.727,17.531028,5.7227,0.0017,0.0003
1757318989.927,17.483507,5.7386,0.0017,0.0003
1757318990.127,17.441516,5.7527,0.0017,0.0003
1757318990.327,17.421685,5.7604,0.0017,0.0003
